seed,epoch,loss,online_train_accuracy,validation_accuracy,validation_macro_f1,epoch_seconds
0,1,2.9480587514241536,0.093625,,,7.929570022000007
0,2,2.81901811726888,0.13245833333333334,,,7.124849169000072
0,3,2.7201326815287272,0.16366666666666665,,,7.128232754999999
0,4,2.621648366292318,0.19670833333333335,,,7.1187638309997965
0,5,2.5329962482452393,0.21420833333333333,,,7.134015851999948
0,6,2.4705530497233075,0.22133333333333333,,,7.1446279459999005
0,7,2.382869119008382,0.2435,,,7.1319711580001695
0,8,2.325580687204997,0.25,,,7.124899027999845
0,9,2.2590488103230792,0.266875,,,7.155482687000131
0,10,2.2119780286153157,0.2738333333333333,0.2490625,0.20196604683179334,8.217643315000032
0,11,2.164087188720703,0.28341666666666665,,,7.163686736000045
0,12,2.1329139982859293,0.292,,,7.138288440999986
0,13,2.0985143604278567,0.2976666666666667,,,7.341027691000136
0,14,2.0501607589721678,0.31266666666666665,,,7.284642443000166
0,15,2.020200081507365,0.3137083333333333,,,7.251689060999979
0,16,1.9951119613647461,0.32575,,,7.192709291000028
0,17,1.9698132120768228,0.33579166666666665,,,7.192710125000076
0,18,1.9458257916768391,0.33929166666666666,,,7.194721726000125
0,19,1.9208037713368733,0.34620833333333334,,,7.176997760999939
0,20,1.8912478574117024,0.351125,0.296875,0.2627640900695856,8.199895234999985
0,21,1.882993756612142,0.35191666666666666,,,7.170733986999949
0,22,1.861758804957072,0.363,,,7.139739510000027
0,23,1.8309023405710856,0.36816666666666664,,,7.141327383000089
0,24,1.8179499448140461,0.3712916666666667,,,7.15162192899993
0,25,1.7992135232289632,0.37754166666666666,,,7.149398814000051
0,26,1.7815050195058186,0.37916666666666665,,,7.127209236999988
0,27,1.764064998626709,0.385125,,,7.143258475000039
0,28,1.7471720240910849,0.391,,,7.164460210000016
0,29,1.7341330982844034,0.39516666666666667,,,7.146819520999998
0,30,1.7144862569173178,0.40258333333333335,0.3171875,0.2774180303336177,8.230918770000017
0,31,1.705205930074056,0.4083333333333333,,,7.15207459599992
0,32,1.689430846532186,0.4100416666666667,,,7.142817193000155
0,33,1.6662186438242594,0.4171666666666667,,,7.144183899999916
0,34,1.669228528658549,0.41070833333333334,,,7.147905671999979
0,35,1.6533892046610514,0.417875,,,7.154391463000138
0,36,1.6361113036473591,0.42891666666666667,,,7.171033672000021
0,37,1.6334595143000286,0.42675,,,7.129255317999878
0,38,1.622216027577718,0.4320833333333333,,,7.037382925999964
0,39,1.6060662148793539,0.43754166666666666,,,6.993974540999943
0,40,1.5860667584737143,0.4457083333333333,0.338125,0.3075019216252972,8.037328762000016
0,41,1.581247983932495,0.445125,,,6.976084908000075
0,42,1.5667391293843587,0.45216666666666666,,,6.979996460999928
0,43,1.5550271542867025,0.4517083333333333,,,6.99885253399998
0,44,1.553737434387207,0.453125,,,6.9983821700000135
0,45,1.5420667804082235,0.457375,,,6.982711978999987
0,46,1.5302300071716308,0.46145833333333336,,,6.990027605000023
0,47,1.5172486527760825,0.47070833333333334,,,7.001783672000101
0,48,1.5015734990437826,0.47470833333333334,,,7.001723066000068
0,49,1.4964422238667805,0.476625,,,7.040138712000044
0,50,1.4895264148712157,0.47525,0.2809375,0.24760339864147096,8.120208432000027
0,51,1.4842418594360351,0.478375,,,7.062325843000053
0,52,1.476360406557719,0.4831666666666667,,,6.999874390000059
0,53,1.4735668261845907,0.4799583333333333,,,7.061136275999843
0,54,1.458771827061971,0.48895833333333333,,,7.039386247999801
0,55,1.444732426961263,0.48966666666666664,,,7.1398079830000825
0,56,1.437574228922526,0.491875,,,7.161986951000017
0,57,1.4226737422943114,0.5034166666666666,,,7.148176779999858
0,58,1.4215213851928712,0.499125,,,7.145043143000066
0,59,1.4134122552871704,0.50125,,,7.155821284000012
0,60,1.4093165391286213,0.5029166666666667,0.281875,0.24665296036550824,8.204464405999943
0,61,1.3886891056696573,0.5143333333333333,,,7.1492787120000685
0,62,1.4045058148701985,0.5059583333333333,,,7.151044392000131
0,63,1.3732557020187377,0.5151666666666667,,,7.1440294859999085
0,64,1.3623642377853393,0.5216666666666666,,,7.143040099000245
0,65,1.3693023885091147,0.516125,,,7.141343360000064
0,66,1.353138054529826,0.5274166666666666,,,7.137777799000105
0,67,1.3407774022420247,0.531125,,,7.146335394000289
0,68,1.347131690343221,0.5252916666666667,,,7.1378561720002836
0,69,1.3347558816274008,0.5302916666666667,,,7.151529148999998
0,70,1.3289471073150634,0.5345416666666667,0.34125,0.3030425803676083,8.208047474000068
0,71,1.3111532154083252,0.5341666666666667,,,7.150645971999893
0,72,1.3124412390391031,0.5380833333333334,,,7.133378147999792
0,73,1.3036833324432373,0.540875,,,7.140995740000108
0,74,1.3010916951497395,0.5438333333333333,,,7.154002696000134
0,75,1.290720677057902,0.5462083333333333,,,7.176955102000193
0,76,1.2799753812154133,0.55125,,,7.165151875999982
0,77,1.2680777848561604,0.557,,,7.160860713000147
0,78,1.2667295888264973,0.5567916666666667,,,7.161299283000062
0,79,1.252061043739319,0.5575416666666667,,,7.16186698599995
0,80,1.2560920925140382,0.5606666666666666,0.346875,0.3086143666753335,8.21631685400007
0,81,1.243397335688273,0.5618333333333333,,,7.1510727800000495
0,82,1.2329818795522054,0.5624166666666667,,,7.157408798000233
0,83,1.2352199897766114,0.5694166666666667,,,7.1404115689997525
0,84,1.2269275449117025,0.566625,,,7.17984528199986
0,85,1.2251675933202109,0.5704166666666667,,,7.1744416209999144
0,86,1.2230151783625285,0.5697916666666667,,,7.1727376959997855
0,87,1.213036971728007,0.5764166666666667,,,7.145559282000249
0,88,1.20289496866862,0.5780833333333333,,,7.160123800000292
0,89,1.193871882756551,0.5811666666666667,,,7.167624018999959
0,90,1.1823732242584228,0.5859166666666666,0.304375,0.26567085844352,8.260674088000087
0,91,1.1722778663635254,0.590125,,,7.155557734000013
0,92,1.1796548350652059,0.586875,,,7.154639972000041
0,93,1.1801770566304526,0.5875833333333333,,,7.1494769430000815
0,94,1.1603512414296469,0.5962083333333333,,,7.148793310000201
0,95,1.1685400940577189,0.5907083333333333,,,7.171087081000223
0,96,1.1571660636266072,0.5925833333333334,,,7.200203834000149
0,97,1.1504472986857097,0.5989166666666667,,,7.18183818100033
0,98,1.1479863109588624,0.5975,,,7.21096646299975
0,99,1.1349400135676067,0.60225,,,7.175872185999651
0,100,1.1265968214670816,0.6103333333333333,0.329375,0.2809089263239661,8.240143646999968
0,101,1.1311409457524617,0.603375,,,7.148779670999829
0,102,1.124962199529012,0.608125,,,7.151486703000046
0,103,1.127710706392924,0.6079583333333334,,,7.151677039999868
0,104,1.1138111114501954,0.6092083333333334,,,7.157505603000118
0,105,1.1063151241938274,0.612375,,,7.143267764000029
0,106,1.097819388071696,0.6170416666666667,,,7.154455563000283
0,107,1.095016754468282,0.6143333333333333,,,7.153727061999689
0,108,1.0859477637608845,0.6190416666666667,,,7.1733431840002595
0,109,1.0968561703364055,0.6195,,,7.163087720000021
0,110,1.0820210355122883,0.6225416666666667,0.37875,0.3478197194137448,8.252602344000024
0,111,1.0802780469258626,0.6222916666666667,,,7.148115116000099
0,112,1.0705178588231405,0.6264583333333333,,,7.18643963500017
0,113,1.0673109668095906,0.6286666666666667,,,7.1663071840002885
0,114,1.0624578164418539,0.6268333333333334,,,7.137370132999877
0,115,1.0544393412272135,0.6350833333333333,,,7.165391767000074
0,116,1.0591072053909303,0.6337083333333333,,,7.162341747000028
0,117,1.0514968665440878,0.6310416666666666,,,7.159045808999963
0,118,1.0448436498641969,0.6384583333333333,,,7.152376058999835
0,119,1.060454934755961,0.6288333333333334,,,7.149435455999992
0,120,1.0415963528951009,0.6375,0.3953125,0.3642595736833985,8.196912796000106
0,121,1.023908369700114,0.646625,,,7.135963294999783
0,122,1.016294025103251,0.648375,,,7.134373977999985
0,123,1.0201507368087768,0.6449583333333333,,,7.141841356999976
0,124,1.0157677081425984,0.643375,,,7.149724002999847
0,125,1.0241803963979086,0.6428333333333334,,,7.147936136000226
0,126,1.030973084449768,0.6367916666666666,,,7.139561719000085
0,127,1.0178087997436522,0.6440416666666666,,,7.159184289999757
0,128,0.9974931472142538,0.6540833333333333,,,7.148883306999778
0,129,1.009237653096517,0.6490416666666666,,,7.152809824000087
0,130,0.9964829190572103,0.6540416666666666,0.3846875,0.3558037016757897,8.263032285000008
0,131,0.9938988024393718,0.6557916666666667,,,7.172885814999972
0,132,0.9944560000101725,0.6527083333333333,,,7.145539019999887
0,133,0.9894191999435424,0.6550833333333334,,,7.028402052000274
0,134,0.9809681177139282,0.6561666666666667,,,6.978677790000347
0,135,0.9793791046142578,0.6561666666666667,,,6.974575886999901
0,136,0.9728761879603068,0.6650416666666666,,,6.97750235400008
0,137,0.9752947425842285,0.6573333333333333,,,6.989688820000083
0,138,0.9613519360224406,0.6668333333333333,,,6.989665187000355
0,139,0.9720729049046835,0.6582083333333333,,,6.990140301000338
0,140,0.9610278267860413,0.668,0.3678125,0.33052634346099186,8.018172422000134
0,141,0.9545158751805624,0.6697916666666667,,,6.98558855400006
0,142,0.957500719388326,0.6682916666666666,,,6.993668799000261
0,143,0.9478873491287232,0.6677083333333333,,,6.989090510000096
0,144,0.9458200448354085,0.667375,,,6.990221881999787
0,145,0.9471796544392904,0.6710416666666666,,,7.000976969000021
0,146,0.9475296659469604,0.6685833333333333,,,6.984241120999741
0,147,0.9376488084793091,0.6730833333333334,,,6.990618328999972
0,148,0.9170778277715047,0.681,,,6.98412577199997
0,149,0.9432257881164551,0.66825,,,6.983158983000067
0,150,0.933725844224294,0.6745833333333333,0.46625,0.45068240317535607,8.026098056000137
0,151,0.9263135883013407,0.674,,,6.98968439500004
0,152,0.9214300117492675,0.6777916666666667,,,6.988521176000177
0,153,0.9196832672754923,0.6820416666666667,,,6.998614037999687
0,154,0.9071971171696981,0.6839166666666666,,,6.99352083399981
0,155,0.9019055611292521,0.6851666666666667,,,6.997165298999789
0,156,0.8976231816609701,0.6915,,,6.981861885999933
0,157,0.9022191853523255,0.6863333333333334,,,6.994677193999905
0,158,0.9039394849141439,0.68175,,,6.993077872000413
0,159,0.9059292605717977,0.6832083333333333,,,7.0019850779999615
0,160,0.9003994226455688,0.6870833333333334,0.3815625,0.358480923188921,8.022565873000076
0,161,0.9022516269683838,0.6841666666666667,,,6.998803312999826
0,162,0.8882757968902588,0.6890416666666667,,,6.974809489000108
0,163,0.8786789809862773,0.6969583333333333,,,6.979035995999766
0,164,0.8755176107088725,0.696125,,,6.994820376999996
0,165,0.8832801233927409,0.6950416666666667,,,6.984726450999915
0,166,0.871884591738383,0.695375,,,6.988153913000133
0,167,0.8702670936584472,0.7003333333333334,,,6.989532021999821
0,168,0.8789730517069498,0.6950416666666667,,,6.987817906000146
0,169,0.8701399685541789,0.6956666666666667,,,6.9966433159997905
0,170,0.8631780247688293,0.6982083333333333,0.460625,0.4446817173724524,8.048392066999895
0,171,0.8829428879419963,0.691375,,,7.1845549119998395
0,172,0.8524863154093425,0.7044166666666667,,,7.137683331000062
0,173,0.8608693523406983,0.6981666666666667,,,7.041397820000384
0,174,0.8466674267450969,0.7042083333333333,,,6.999808651999956
0,175,0.8615863366127015,0.7005416666666666,,,6.999397487999886
0,176,0.8586426626841227,0.701875,,,6.9963646669998525
0,177,0.8555276012420654,0.7015416666666666,,,7.0029200519998085
0,178,0.8444559199015299,0.70225,,,7.012141575999976
0,179,0.8509594254493713,0.705625,,,7.01905572700025
0,180,0.8414333028793335,0.7077083333333334,0.38125,0.34833187380618996,8.058610022000266
0,181,0.8383800500233968,0.70925,,,7.006231747000129
0,182,0.8386953714688619,0.70925,,,6.99393950700005
0,183,0.8443107436498006,0.7061666666666667,,,7.01319787500006
0,184,0.831018651008606,0.7125,,,6.992347774999871
0,185,0.8335389070510865,0.7089166666666666,,,6.9918733230001635
0,186,0.8325883534749349,0.7117083333333334,,,7.004911482999887
0,187,0.8250082228978475,0.713375,,,7.000504516000092
0,188,0.8175414640108745,0.7172083333333333,,,6.999977844999648
0,189,0.8305587488810221,0.709625,,,7.007073706000028
0,190,0.8142444950739542,0.7177083333333333,0.5015625,0.48821746486429873,8.100925363999977
0,191,0.8117360939979553,0.715875,,,7.021384398000009
0,192,0.8120751832326253,0.7151666666666666,,,6.998506088999875
0,193,0.8173343666394551,0.717,,,7.006585250000171
0,194,0.8231495628356934,0.7134166666666667,,,6.98671543699993
0,195,0.8084817183812459,0.720625,,,7.001277072999983
0,196,0.804868360042572,0.7190416666666667,,,6.981146247000197
0,197,0.8053519379297892,0.7215,,,6.994694713000172
0,198,0.7889178110758464,0.7312916666666667,,,6.983538338000017
0,199,0.8111787818272909,0.7185,,,6.991037761999905
0,200,0.7975566784540812,0.722,0.401875,0.38351416839532765,8.00972149800009
0,201,0.7800002018610637,0.7281666666666666,,,6.984713756000019
0,202,0.7926355482737223,0.72375,,,6.9812494779998815
0,203,0.7779420302708944,0.7266666666666667,,,6.988165809999828
0,204,0.783492382367452,0.7312916666666667,,,6.990696611000203
0,205,0.7907714935938517,0.7269583333333334,,,6.986430907999875
0,206,0.7898928006490071,0.7259583333333334,,,7.015468731000055
0,207,0.7719188280105591,0.7300416666666667,,,7.021060534999833
0,208,0.7789595998128255,0.7320416666666667,,,7.0046289450001495
0,209,0.7800885651906332,0.7285,,,6.985833735000142
0,210,0.7864524380366007,0.7285833333333334,0.420625,0.4037845851787094,8.023913407999771
0,211,0.7777778803507487,0.7313333333333333,,,6.999719269000252
0,212,0.7581356843312581,0.7374166666666667,,,6.987187336000261
0,213,0.7648899755477905,0.7362916666666667,,,6.996350718000031
0,214,0.761051376024882,0.7375416666666667,,,6.989878096000211
0,215,0.757875483194987,0.7386666666666667,,,7.00154343999975
0,216,0.7510200958251954,0.7406666666666667,,,7.0221157640003184
0,217,0.7677038939793904,0.735,,,6.99760384900037
0,218,0.7603167851765951,0.7372083333333334,,,6.989444460999948
0,219,0.7626848414738973,0.7357916666666666,,,7.001224776000072
0,220,0.7613148024876912,0.73475,0.4409375,0.4242382663319715,8.046068797000316
0,221,0.7571918347676595,0.7400833333333333,,,6.988617637000061
0,222,0.7532097276051839,0.7414166666666666,,,7.005726331999995
0,223,0.7550521492958069,0.7359583333333334,,,7.001022699000259
0,224,0.7524982973734538,0.741625,,,7.010166538999783
0,225,0.7529004465738932,0.7394583333333333,,,6.98599883299994
0,226,0.7501740732192993,0.7417083333333333,,,7.001274092999665
0,227,0.7353939593633015,0.7459166666666667,,,6.987999520000358
0,228,0.7411757055918375,0.7430416666666667,,,7.005884418999813
0,229,0.7535660875638326,0.7359583333333334,,,6.991298927999651
0,230,0.7413959331512451,0.7418333333333333,0.430625,0.41478527523455033,8.013756646000274
0,231,0.7300666367212931,0.7510416666666667,,,7.007010383000306
0,232,0.7315664676030477,0.74475,,,6.99555280300001
0,233,0.7251257422765096,0.7495833333333334,,,6.997700148999684
0,234,0.7210936644872029,0.7514583333333333,,,6.998997692000103
0,235,0.7221721247037252,0.7526666666666667,,,6.996600500999648
0,236,0.730273582458496,0.7469583333333333,,,6.986855546999777
0,237,0.7100982834498087,0.7549583333333333,,,6.996953962999669
0,238,0.7100480751991272,0.752,,,6.996245524999722
0,239,0.7358145286242167,0.742125,,,7.007545641999968
0,240,0.7033572416305542,0.7567916666666666,0.4646875,0.45172424821367124,8.03930695400004
0,241,0.7218176514307658,0.7467083333333333,,,7.005617309000172
0,242,0.7111151863733928,0.7545833333333334,,,7.016596115000084
0,243,0.7050868530273438,0.756875,,,7.0004467730000215
0,244,0.7152754446665446,0.750375,,,7.016384490999826
0,245,0.7043242464065552,0.758625,,,7.003564837999875
0,246,0.7067831010818482,0.7574166666666666,,,6.997889588999897
0,247,0.7112626452445984,0.7515416666666667,,,7.009123841000019
0,248,0.6992922801971435,0.75875,,,7.000738386000194
0,249,0.7059149389266968,0.7544166666666666,,,6.991093668999838
0,250,0.7150418105125427,0.7532083333333334,0.448125,0.4255504298285202,8.034279876000255
0,251,0.6982732833226521,0.7582083333333334,,,6.999159514999974
0,252,0.6924890742301941,0.7599583333333333,,,6.994606833000034
0,253,0.6833900240262349,0.7645416666666667,,,6.987185913000303
0,254,0.696523083527883,0.7578333333333334,,,6.995694570000069
0,255,0.6866647604306539,0.7629583333333333,,,6.993269456000235
0,256,0.6869991099039714,0.7638333333333334,,,7.025252114000068
0,257,0.6787984520594279,0.7653333333333333,,,7.010153258000173
0,258,0.6838437962532044,0.7622083333333334,,,7.014554340999894
0,259,0.6828154284159342,0.760875,,,7.004679764999764
0,260,0.6794315636952718,0.7670833333333333,0.5940625,0.5897007375096345,8.065736092999941
0,261,0.7067042357126871,0.7569583333333333,,,7.001978977999897
0,262,0.6782654824256897,0.7627083333333333,,,6.989490769999975
0,263,0.6816262362798055,0.7615416666666667,,,6.9863044679996165
0,264,0.6851420714060465,0.765125,,,6.995544747000167
0,265,0.6856025485992432,0.7617916666666666,,,6.983884882999973
0,266,0.6696134227116902,0.772,,,6.996384933000172
0,267,0.6685705335934957,0.7697083333333333,,,7.0139635270002145
0,268,0.6787859226862589,0.7679583333333333,,,6.991959163000047
0,269,0.6727595938046773,0.7672916666666667,,,7.006964886000333
0,270,0.6653128676414489,0.7721666666666667,0.465,0.45408096647120744,8.024460384000122
0,271,0.6649811606407166,0.7703333333333333,,,7.007411807000153
0,272,0.663458492120107,0.7716666666666666,,,7.009013888000027
0,273,0.6653737718264262,0.7729166666666667,,,6.993698909000159
0,274,0.6507883696556092,0.7747916666666667,,,6.984002040000178
0,275,0.6577871772448222,0.771875,,,7.001569697999912
0,276,0.652714243888855,0.7742083333333334,,,6.998092454000016
0,277,0.6647213231722514,0.7702083333333334,,,6.989117258000078
0,278,0.6500008598963419,0.7746666666666666,,,7.001407598999776
0,279,0.6614992321332296,0.7709583333333333,,,6.985158930000125
0,280,0.6508584243456522,0.7739166666666667,0.4984375,0.48828728073375255,8.052304036999885
0,281,0.6633169802029928,0.76875,,,6.996467799000129
0,282,0.6659128460884094,0.771375,,,6.989436880000085
0,283,0.6437249886194865,0.776625,,,6.999578489000214
0,284,0.6565511665344238,0.7732083333333334,,,7.003989509999883
0,285,0.6453850900332133,0.778,,,7.000434976000179
0,286,0.6473794493675232,0.7742083333333334,,,6.9878052999997635
0,287,0.6388991201718648,0.7792916666666667,,,6.99543715200025
0,288,0.6473673095703125,0.7753333333333333,,,6.998831188999702
0,289,0.6534760193824768,0.7718333333333334,,,7.037823724000191
0,290,0.6405019591649374,0.7808333333333334,0.49625,0.48316698611019904,8.062072635999812
0,291,0.6438279816309611,0.780375,,,7.030848021000111
0,292,0.638249675432841,0.780625,,,7.017420181000034
0,293,0.636436069170634,0.7805,,,7.01186920300006
0,294,0.64690234263738,0.7762916666666667,,,7.001796638999622
0,295,0.6195423959096272,0.7869583333333333,,,6.998592280000139
0,296,0.6222092995643616,0.7842083333333333,,,6.9991923419997875
0,297,0.6295976670583089,0.7812083333333333,,,7.00699676899967
0,298,0.6316687742869059,0.7815416666666667,,,7.000688136000008
0,299,0.6350543618202209,0.781375,,,7.420315570000184
0,300,0.635612013498942,0.7784583333333334,0.6359375,0.6322170061638999,8.046734995999941
0,301,0.6295127468109131,0.782,,,6.993247587000042
0,302,0.6329728577136994,0.7807083333333333,,,6.9935114859999885
0,303,0.6182043294906616,0.783875,,,6.990964577000341
0,304,0.6371792327562968,0.7811666666666667,,,7.008282065000003
0,305,0.6033678631782532,0.78975,,,7.006063742000151
0,306,0.6238763953844706,0.7848333333333334,,,6.99477325900034
0,307,0.6173636867205302,0.7865416666666667,,,7.005893398999888
0,308,0.6270226488113403,0.781625,,,7.021926287000042
0,309,0.6112249484062194,0.788,,,7.252160234999792
0,310,0.6165830809275309,0.7889166666666667,0.5665625,0.5613970396036786,8.51619114999994
0,311,0.6113629959424337,0.7869166666666667,,,7.0671148020001056
0,312,0.6066954517364502,0.7879583333333333,,,7.1809492659999705
0,313,0.6084977105458578,0.790875,,,7.091925048000121
0,314,0.5989395117759705,0.7920833333333334,,,7.036572244000126
0,315,0.602784152507782,0.79225,,,7.057971121999799
0,316,0.5963613162040711,0.79575,,,7.2367168860000675
0,317,0.6049080055554708,0.7927083333333333,,,7.031198376000248
0,318,0.6081679819424947,0.7876666666666666,,,7.02539260399999
0,319,0.6141699698766072,0.7874166666666667,,,7.104232144999969
0,320,0.6046962350209554,0.7916666666666666,0.5584375,0.5509666394245588,8.131114697999692
0,321,0.5998331093788147,0.7902916666666666,,,7.149852469000052
0,322,0.6001023411750793,0.79275,,,7.1549514940002155
0,323,0.6095424324671428,0.786875,,,7.17336449000004
0,324,0.6027514081001282,0.7897083333333333,,,7.419832848000169
0,325,0.5871308946609497,0.8001666666666667,,,7.219399246000194
0,326,0.5951787328720093,0.793,,,7.227690502999849
0,327,0.5943685203393301,0.792875,,,7.3021229400001175
0,328,0.5896126818656922,0.797625,,,7.158300251000128
0,329,0.5809097698529562,0.8008333333333333,,,7.129956306999702
0,330,0.5847289762496948,0.8004166666666667,0.61125,0.6063450671968755,8.203256655000132
0,331,0.6035725682576497,0.7922083333333333,,,7.169773202000215
0,332,0.5877527254422505,0.7936666666666666,,,7.193163088999881
0,333,0.5875573568344116,0.79925,,,7.176675299999715
0,334,0.5913548595110575,0.795125,,,7.058004140999856
0,335,0.5704153361320495,0.8054583333333334,,,6.980418759999793
0,336,0.583665959517161,0.798375,,,6.974906224000279
0,337,0.5811188948949179,0.798125,,,6.984838581000076
0,338,0.5868866704305014,0.7972083333333333,,,6.983101338999859
0,339,0.5789206541379293,0.8001666666666667,,,6.9944855650001045
0,340,0.5891049346923828,0.797,0.5596875,0.5526988777360786,8.028765680000106
0,341,0.5871292200088502,0.7937083333333333,,,7.018901505000031
0,342,0.5755453782081604,0.8022083333333333,,,7.006910203000189
0,343,0.5735137124061584,0.8013333333333333,,,6.98412101599979
0,344,0.5812957776387533,0.80075,,,6.988534143000379
0,345,0.5844696604410807,0.8001666666666667,,,6.987432483999783
0,346,0.566489643573761,0.804125,,,6.995257046000006
0,347,0.570461230913798,0.8005416666666667,,,6.986472192000292
0,348,0.5678090111414591,0.803625,,,6.9931771199999275
0,349,0.567193878809611,0.8054166666666667,,,6.988706318000368
0,350,0.5765357828140258,0.8008333333333333,0.5871875,0.5797994861760978,8.031554164000227
0,351,0.5721829234759013,0.8027916666666667,,,6.997619412999484
0,352,0.5656651860872904,0.804375,,,6.9985515739999755
0,353,0.5872602430979411,0.79975,,,6.992361502999302
0,354,0.5569540371894837,0.8070833333333334,,,6.9905949159992815
0,355,0.5601357334454854,0.8080833333333334,,,7.002367003000472
0,356,0.5677840232849121,0.8025833333333333,,,6.997494318999998
0,357,0.5673475179672242,0.8039583333333333,,,7.0036558570000125
0,358,0.5509100282986958,0.8105,,,6.982230058000823
0,359,0.562827919960022,0.8065,,,6.986081258000013
0,360,0.5629511079788208,0.8074166666666667,0.5096875,0.49628546600271484,8.015835216000596
0,361,0.5555986196200053,0.8061666666666667,,,7.007066867000503
0,362,0.5470109888712565,0.8107916666666667,,,6.985302954999497
0,363,0.5525164054234822,0.808625,,,6.990796473000046
0,364,0.5443066364924113,0.81275,,,6.988471435000065
0,365,0.5624370137850444,0.80325,,,6.991343861000132
0,366,0.5522147359848022,0.8108333333333333,,,6.998157032000563
0,367,0.5489099947611491,0.8097083333333334,,,6.990978179000194
0,368,0.5434979341824849,0.8136666666666666,,,6.989630207000118
0,369,0.5536183230082194,0.807875,,,6.989361344999452
0,370,0.5581064445177714,0.8062083333333333,0.4459375,0.4290126092038372,8.03658104599981
0,371,0.5467269562085469,0.811,,,6.989935157000218
0,372,0.5499108723799387,0.808125,,,6.989038397000513
0,373,0.5397727471987407,0.8154583333333333,,,6.986234295000031
0,374,0.535201951344808,0.8155833333333333,,,6.988766692999889
0,375,0.5341045196851094,0.815125,,,6.9939627519997885
0,376,0.5526634553273518,0.8109166666666666,,,6.994662244999745
0,377,0.5563015880584716,0.806625,,,7.012646299000153
0,378,0.5504925618171692,0.8094583333333333,,,7.000819402000161
0,379,0.5370905090967815,0.817375,,,6.990272052999899
0,380,0.5349500679969788,0.814625,0.430625,0.4131474149478381,8.030771349999668
0,381,0.5444732918739319,0.8122083333333333,,,6.990636821999942
0,382,0.5320987184842427,0.81525,,,6.996239279000292
0,383,0.5588666749000549,0.8057083333333334,,,7.003960812000514
0,384,0.5392653357187907,0.8135416666666667,,,6.985113192000426
0,385,0.532858351389567,0.8141666666666667,,,7.00878870500037
0,386,0.5294579659303029,0.8180416666666667,,,6.990839391000009
0,387,0.5298812963962555,0.8173333333333334,,,7.003413550000005
0,388,0.5271752157211304,0.8195416666666666,,,6.997107146000417
0,389,0.5205455606778463,0.8212083333333333,,,6.993204512000375
0,390,0.5336490610440572,0.815625,0.458125,0.44233008982324395,8.050003260000267
0,391,0.5322004796663921,0.81575,,,6.99225811100041
0,392,0.5239094732602437,0.8188333333333333,,,6.998383312000442
0,393,0.5293471822738648,0.8153333333333334,,,6.995442684000409
0,394,0.5163410181999206,0.8197083333333334,,,6.994771896000202
0,395,0.5191654354731242,0.821875,,,6.9965953920000175
0,396,0.5230340234438579,0.8187916666666667,,,7.0027229440001975
0,397,0.5323626437187194,0.8170833333333334,,,6.995179716000166
0,398,0.5254765648841858,0.8217083333333334,,,6.991065034000712
0,399,0.5212472426891327,0.820125,,,7.006008207000377
0,400,0.5211394438743592,0.8185833333333333,0.560625,0.5547352636426786,8.029081523000059
0,401,0.5184286696116129,0.8219583333333333,,,6.992567643000257
0,402,0.5203909319241842,0.8197916666666667,,,6.987000987000101
0,403,0.5329494657516479,0.817,,,6.988297099999727
0,404,0.5245651758511861,0.8204166666666667,,,6.992167981999955
0,405,0.5307981448173523,0.8150833333333334,,,6.9870986890000495
0,406,0.5041603247324625,0.82675,,,6.986206861000028
0,407,0.5147526213328044,0.8229583333333333,,,6.991683433999242
0,408,0.5138071403503418,0.8205833333333333,,,6.990056363999429
0,409,0.5058234955469767,0.8253333333333334,,,6.992822944999716
0,410,0.5102774279912313,0.8254166666666667,0.5978125,0.5942487595967552,8.070644800000082
0,411,0.5187711574236552,0.8220833333333334,,,6.994565930000135
0,412,0.5138362181981405,0.8255,,,6.997997104000206
0,413,0.5129836026827495,0.8226666666666667,,,7.001767400999597
0,414,0.5044631204605102,0.8259583333333333,,,7.0171992409996164
0,415,0.5037077883084615,0.8245,,,6.993435522999789
0,416,0.5118069008191427,0.8237916666666667,,,7.000284284000372
0,417,0.49823355038960776,0.828,,,7.005587947000095
0,418,0.5026427795092265,0.8277916666666667,,,7.007395624999845
0,419,0.4976869301795959,0.8286666666666667,,,7.002617203000227
0,420,0.519191908677419,0.820625,0.541875,0.5330813065742442,8.09214355200038
0,421,0.4932008428573608,0.8292083333333333,,,7.018724755000221
0,422,0.5030492288271586,0.825875,,,7.001813798000512
0,423,0.4976617817878723,0.827375,,,6.985431435999999
0,424,0.4957623658180237,0.8291666666666667,,,7.002217119999841
0,425,0.49390001281102497,0.8310416666666667,,,6.998814481999943
0,426,0.5013137443860372,0.828125,,,6.991965215000164
0,427,0.49387989060084025,0.8301666666666667,,,7.005631775999973
0,428,0.5052635428110759,0.826125,,,7.003812744000243
0,429,0.4874357671737671,0.8295,,,7.007120928999939
0,430,0.4802444162368774,0.834625,0.585625,0.5816919091701699,8.029459456999575
0,431,0.49410690053304035,0.829375,,,7.007557631000054
0,432,0.4878471495310466,0.8325416666666666,,,7.001514605000011
0,433,0.4846187113126119,0.833125,,,6.993798339000023
0,434,0.49314385032653807,0.8320833333333333,,,6.999032663999969
0,435,0.48790621105829873,0.83425,,,7.00451092000003
0,436,0.48791889317830406,0.8335833333333333,,,6.99491151500024
0,437,0.4928699474334717,0.8291666666666667,,,7.007594994000101
0,438,0.487943896929423,0.83075,,,7.0050984220006285
0,439,0.4735569707552592,0.8357083333333334,,,6.997970544999589
0,440,0.4822525051434835,0.8335833333333333,0.6459375,0.6417294701718009,8.052572718000192
0,441,0.4847707374890645,0.8332916666666667,,,6.993788370999937
0,442,0.4792836397488912,0.8317916666666667,,,6.989511442000548
0,443,0.4802895622253418,0.8350833333333333,,,6.996611509000104
0,444,0.501178099155426,0.8270416666666667,,,6.984595754999646
0,445,0.4777910772959391,0.83675,,,6.988321396999709
0,446,0.4749273936748505,0.8359583333333334,,,6.988020022000455
0,447,0.48182200495402017,0.8329583333333334,,,7.018835615000171
0,448,0.4746497421264648,0.8353333333333334,,,7.006130882999969
0,449,0.4798473553657532,0.8350833333333333,,,7.00031682000008
0,450,0.485307253519694,0.8312916666666667,0.5196875,0.5101274580430815,8.06152940100037
0,451,0.47383255076408387,0.8355416666666666,,,7.002616714999931
0,452,0.46970373805363974,0.8392083333333333,,,7.015411846999996
0,453,0.47165987730026243,0.836625,,,7.363114722999853
0,454,0.4785490991274516,0.834625,,,7.080016670999612
0,455,0.47531151978174846,0.8362916666666667,,,7.002662713000063
0,456,0.4740676876703898,0.836375,,,6.988094603999343
0,457,0.47768475802739463,0.8348333333333333,,,7.012394127000334
0,458,0.474461922009786,0.837125,,,6.985120862999793
0,459,0.4631560401916504,0.8432083333333333,,,6.988389922999886
0,460,0.4693113392194112,0.8388333333333333,0.5953125,0.5902805819910226,8.007493726000575
0,461,0.4689797250429789,0.8368333333333333,,,6.984851862000141
0,462,0.46519636885325116,0.8395416666666666,,,6.996628462999979
0,463,0.46551173623402914,0.839625,,,6.990713421999317
0,464,0.4696660839716593,0.838875,,,6.989257432000159
0,465,0.45707900778452554,0.8412916666666667,,,6.994948314999419
0,466,0.46473588784535724,0.8404166666666667,,,6.986842485000125
0,467,0.46361864439646405,0.8376666666666667,,,6.989026379000279
0,468,0.4696033180554708,0.835625,,,6.986853106000126
0,469,0.45657634449005124,0.8425,,,6.978839825999785
0,470,0.47064408898353577,0.8371666666666666,0.539375,0.5332072763044533,8.05100035399937
0,471,0.457139332930247,0.8429583333333334,,,7.002632424000694
0,472,0.451448370774587,0.8435833333333334,,,6.983731619000537
0,473,0.46169145043691,0.839375,,,7.060112165000646
0,474,0.4597011620203654,0.8389583333333334,,,7.408497669999633
0,475,0.46860128434499104,0.837375,,,7.2932129410000925
0,476,0.4500964090824127,0.844375,,,7.467297776999658
0,477,0.4519020150502523,0.844625,,,8.023090282999874
0,478,0.44404678757985433,0.845375,,,7.391348567000023
0,479,0.4500994629859924,0.84425,,,7.685220219000257
0,480,0.4607696097691854,0.841875,0.526875,0.5151742863493746,9.039673083999332
0,481,0.455636078675588,0.8451666666666666,,,7.589867034000235
0,482,0.45465136114756266,0.8447083333333333,,,7.416620533999776
0,483,0.44783318519592286,0.8444583333333333,,,7.3768214369993075
0,484,0.4571385289827983,0.8426666666666667,,,7.373833339000157
0,485,0.4677761589686076,0.8375416666666666,,,7.375974057999883
0,486,0.46685625648498535,0.8401666666666666,,,7.311590313000124
0,487,0.4566983127593994,0.8417916666666667,,,7.32161637199988
0,488,0.4442600038846334,0.8461666666666666,,,7.309594365000521
0,489,0.44388195864359536,0.8462916666666667,,,7.370937569000489
0,490,0.42605859764417015,0.8525833333333334,0.6296875,0.6249010189662492,8.446504088000438
0,491,0.45243043661117555,0.845375,,,7.378915902999324
0,492,0.4396743167241414,0.8483333333333334,,,7.3402310129995385
0,493,0.43998859167098997,0.8493333333333334,,,7.400196049000442
0,494,0.45158909956614174,0.844375,,,7.3007215119996545
0,495,0.4522270409266154,0.8445,,,7.291535652000675
0,496,0.44498915632565816,0.845875,,,7.3129913210004815
0,497,0.4612748638788859,0.842875,,,7.387586077000378
0,498,0.43978199354807535,0.848875,,,7.360974309000085
0,499,0.439000390847524,0.8475833333333334,,,7.433676343000116
0,500,0.44503654845555624,0.8479583333333334,0.4896875,0.47884027370884885,8.48701736700059
0,501,0.43877199761072794,0.8479583333333334,,,7.427280451000115
0,502,0.4241681407292684,0.85525,,,7.368342774000666
0,503,0.44078984308242797,0.8474166666666667,,,7.3873943489998055
0,504,0.4402149535814921,0.846375,,,7.324976206000429
0,505,0.43071325635910035,0.8525416666666666,,,7.382193507000011
0,506,0.4232293397585551,0.852875,,,7.33804272999987
0,507,0.4292468597094218,0.8512916666666667,,,7.39385156499975
0,508,0.4291634610493978,0.8507083333333333,,,7.355805518999659
0,509,0.44576971387863157,0.8460833333333333,,,7.387581601999955
0,510,0.4425480793317159,0.8482083333333333,0.480625,0.46583692535183036,8.438607050999963
0,511,0.4325166007677714,0.8521666666666666,,,7.3018227009997645
0,512,0.4371911250750224,0.8493333333333334,,,7.306936949999908
0,513,0.4303618719577789,0.851625,,,7.978908118000618
0,514,0.4327513425350189,0.8508333333333333,,,8.482819798000492
0,515,0.4316008455753326,0.8514583333333333,,,8.507889917999819
0,516,0.42537659804026284,0.8524583333333333,,,16.615403246000824
0,517,0.4312502380212148,0.851,,,14.356644365999273
0,518,0.41295074359575906,0.8584166666666667,,,10.287677225000152
0,519,0.43279912932713827,0.850375,,,12.426505684000404
0,520,0.4268589589595795,0.85175,0.6771875,0.6748462666770214,14.05897960999937
0,521,0.4251310487588247,0.8533333333333334,,,12.762472946000344
0,522,0.4144398839473724,0.8572916666666667,,,11.362363990000631
0,523,0.4217961230278015,0.8556666666666667,,,13.594089936000273
0,524,0.43317076031366986,0.84975,,,28.405769181000323
0,525,0.4281379858652751,0.8540833333333333,,,25.16425943000013
0,526,0.4256139632066091,0.8522083333333333,,,26.76171305400021
0,527,0.418259564558665,0.8552916666666667,,,24.262322773999585
0,528,0.414229025999705,0.8574583333333333,,,26.01234484700035
0,529,0.4218787833849589,0.855625,,,28.50601073800044
0,530,0.4138572123845418,0.8585833333333334,0.569375,0.5641330050667288,35.34119041900067
0,531,0.4264642303784688,0.8519583333333334,,,29.259448253999835
0,532,0.4307375089327494,0.851375,,,32.40507837599944
0,533,0.41660315267244974,0.85825,,,15.192874504999963
0,534,0.416738650004069,0.8567083333333333,,,12.117820182000287
0,535,0.4267229919433594,0.8517083333333333,,,23.70509125300032
0,536,0.42730876835187276,0.8527083333333333,,,29.76207346999945
0,537,0.41388313126564025,0.8579583333333334,,,28.75376382000013
0,538,0.40271642072995506,0.8632083333333334,,,26.644277090000287
0,539,0.41313658173878987,0.8560416666666667,,,28.537857139999687
0,540,0.4064983123143514,0.8587916666666666,0.62625,0.6235300057344066,34.564383337000436
0,541,0.41444881216684976,0.8587083333333333,,,28.333638872999472
0,542,0.4117795941034953,0.8573333333333333,,,28.850296196000272
0,543,0.4072197326024373,0.859875,,,28.40980263200072
0,544,0.4024631560643514,0.8602083333333334,,,27.0160620329998
0,545,0.4090408387184143,0.8594583333333333,,,28.037431831000504
0,546,0.4074644317626953,0.8601666666666666,,,24.075179536999713
0,547,0.40139077536265055,0.8607916666666666,,,25.749462337000296
0,548,0.40779505276679995,0.859,,,23.914289305999773
0,549,0.4013906760215759,0.8621666666666666,,,28.831968261999464
0,550,0.4000380415916443,0.8629166666666667,0.5728125,0.5648437131921756,34.96631226599948
0,551,0.40896686919530234,0.859375,,,28.170296481999685
0,552,0.40148939212163287,0.8610416666666667,,,27.252414685000076
0,553,0.40323500347137453,0.8615416666666667,,,28.643615132999912
0,554,0.40816716527938846,0.85925,,,20.099098067999876
0,555,0.4013633457024892,0.8634583333333333,,,16.13164577600037
0,556,0.3996110905011495,0.86325,,,28.74145344399949
0,557,0.4006637043952942,0.8613333333333333,,,29.664328238999587
0,558,0.4115971381664276,0.859125,,,28.90632309600005
0,559,0.4066237274010976,0.8599166666666667,,,26.169469423999544
0,560,0.4034230802853902,0.8624583333333333,0.49875,0.4833045950206367,32.70920977099922
0,561,0.40241314872105916,0.8615833333333334,,,27.717173154999728
0,562,0.4021942602793376,0.861625,,,27.781589429000633
0,563,0.4044507928689321,0.859,,,27.921093787000245
0,564,0.39732312520345053,0.8642916666666667,,,28.500313591999657
0,565,0.38776203608512877,0.8660833333333333,,,27.98122958299973
0,566,0.390811918814977,0.864875,,,28.31419429699963
0,567,0.4072184490362803,0.8599583333333334,,,28.218195022000145
0,568,0.39336546540260314,0.8657916666666666,,,27.286311539999588
0,569,0.3960873305797577,0.8597083333333333,,,28.112528630999805
0,570,0.402874117453893,0.86225,0.63125,0.6290028442898434,32.691141721999884
0,571,0.393365696589152,0.86225,,,14.311118740999518
0,572,0.3989553942680359,0.8599583333333334,,,12.034297963999961
0,573,0.3944686368306478,0.8646666666666667,,,11.173715230000198
0,574,0.3996915786266327,0.8620833333333333,,,22.216000592000455
0,575,0.3971265226999919,0.8623333333333333,,,19.041220986000553
0,576,0.39495896553993226,0.864,,,24.52639250900029
0,577,0.3927618205547333,0.8659583333333334,,,24.56949398300003
0,578,0.4007033213774363,0.861875,,,26.711038548000033
0,579,0.4017471073468526,0.8610416666666667,,,27.92505574200004
0,580,0.3964814676443736,0.8632916666666667,0.6284375,0.6249366474356297,32.15979443099968
0,581,0.38704210925102234,0.8688333333333333,,,18.35886557499998
0,582,0.39616301091512046,0.86425,,,10.617311823999444
0,583,0.39649148615201313,0.8650833333333333,,,18.920721174999926
0,584,0.39209318057696024,0.8647083333333333,,,27.50622950199977
0,585,0.39252153984705607,0.8632083333333334,,,28.675506251000115
0,586,0.3927766196727753,0.8636666666666667,,,29.683652820000134
0,587,0.397339626789093,0.86475,,,30.068843848999677
0,588,0.37878911940256754,0.8697916666666666,,,15.866916935000518
0,589,0.3822894047896067,0.868125,,,12.584924228999625
0,590,0.3852789631684621,0.8665,0.57625,0.5708588175897328,36.90640821299985
0,591,0.3830473612944285,0.8680833333333333,,,30.7484570179995
0,592,0.38212724423408506,0.868625,,,30.556947918999867
0,593,0.3878454999923706,0.8657916666666666,,,28.775187109999933
0,594,0.39457966915766396,0.8625416666666667,,,29.320292272999723
0,595,0.38675303061803185,0.8659583333333334,,,28.501732876999995
0,596,0.3854452777703603,0.8674166666666666,,,19.35587996399954
0,597,0.3734818931420644,0.8679166666666667,,,21.798520746000577
0,598,0.38574953428904213,0.86725,,,29.470744045000174
0,599,0.37728944937388104,0.8697083333333333,,,12.33841012799985
0,600,0.3713123428026835,0.8745416666666667,0.6815625,0.6803120857062879,13.912738304000413
0,601,0.3811025856335958,0.8683333333333333,,,12.097576742000456
0,602,0.3799297454357147,0.8679166666666667,,,11.96791745199971
0,603,0.3779456889629364,0.8705416666666667,,,24.87038551799924
0,604,0.37874559211730957,0.8700416666666667,,,29.36566087799929
0,605,0.3954941954612732,0.86475,,,29.681322912000724
0,606,0.37868504246075946,0.8702916666666667,,,28.816774134000298
0,607,0.37487818336486817,0.8698333333333333,,,28.649435647000246
0,608,0.38172500348091126,0.8702083333333334,,,29.850412744000096
0,609,0.3720682451725006,0.87175,,,30.190711772999748
0,610,0.367962926864624,0.8724166666666666,0.6484375,0.6472913105134643,34.511962387000494
0,611,0.37205074620246886,0.8727916666666666,,,25.754672371000197
0,612,0.3752484002113342,0.8665416666666667,,,27.44298853500004
0,613,0.3716449337005615,0.8700416666666667,,,25.762404059999426
0,614,0.38046113117535907,0.8702916666666667,,,23.1094586600002
0,615,0.37251739168167114,0.8709583333333333,,,22.74853710699972
0,616,0.3791481677691142,0.8667916666666666,,,10.705452844999854
0,617,0.3616662327448527,0.8763333333333333,,,11.007823191999705
0,618,0.3648308103879293,0.872,,,17.979946514999938
0,619,0.37328373940785725,0.8691666666666666,,,12.888264182999592
0,620,0.3808684763113658,0.8665833333333334,0.6209375,0.6182419545124348,36.06611401200007
0,621,0.3703975392182668,0.8716666666666667,,,28.628853431999232
0,622,0.37038755329449974,0.8719166666666667,,,29.286902888999975
0,623,0.3744837369918823,0.8703333333333333,,,27.71896322900011
0,624,0.36392733709017433,0.8754583333333333,,,14.174494573999254
0,625,0.3676193948586782,0.87325,,,11.406497562999903
0,626,0.357829461256663,0.878375,,,27.288032106000173
0,627,0.3605147426128387,0.8746666666666667,,,28.6960003410004
0,628,0.37048348625501,0.869875,,,29.662091512999723
0,629,0.36730922691027323,0.8728333333333333,,,28.869493412999873
0,630,0.3703697443008423,0.8715416666666667,0.5565625,0.551516218296911,36.47430476000045
0,631,0.3663456983566284,0.8765416666666667,,,26.972061579000183
0,632,0.3680469652811686,0.8723333333333333,,,11.784231583999826
0,633,0.369781387646993,0.8722916666666667,,,20.133734650000406
0,634,0.3661410064697266,0.8752916666666667,,,21.823666215998855
0,635,0.3574120173454285,0.876375,,,29.443267172999185
0,636,0.3674782356421153,0.8740416666666667,,,29.17578937200051
0,637,0.3594790004094442,0.8765833333333334,,,26.517149535999124
0,638,0.365955369869868,0.8706666666666667,,,20.64896516800036
0,639,0.3682756687005361,0.8730833333333333,,,30.246061885000017
0,640,0.3588295397758484,0.8759166666666667,0.509375,0.49810964343481307,36.14035831900037
0,641,0.36853584011395774,0.8745833333333334,,,14.21680348100017
0,642,0.3667313316663106,0.8715833333333334,,,13.798345625000366
0,643,0.3640715168317159,0.8769166666666667,,,25.227476288000616
0,644,0.363903972307841,0.87275,,,28.88734096799999
0,645,0.36054936281840005,0.8742083333333334,,,26.243543032998787
0,646,0.36909427563349406,0.87125,,,19.923662580000382
0,647,0.3624913892745972,0.877,,,29.829284488998383
0,648,0.3723943603038788,0.869125,,,18.238665584000046
0,649,0.35923372975985207,0.875875,,,12.725190651999583
0,650,0.35682985790570576,0.8775416666666667,0.55,0.5414960081405754,14.488676359000237
0,651,0.3525137203534444,0.87975,,,12.717009238998799
0,652,0.3528993486563365,0.878625,,,12.539912693000588
0,653,0.3457866903146108,0.8815416666666667,,,12.418195932999879
0,654,0.35275733256340025,0.8760833333333333,,,12.770093146000363
0,655,0.35076249289512634,0.8794583333333333,,,12.723770331998821
0,656,0.3728606236775716,0.871875,,,12.153759894999894
0,657,0.35982587178548175,0.8775416666666667,,,11.601057156000024
0,658,0.35018420879046125,0.8798333333333334,,,11.59746377099873
0,659,0.36233790198961896,0.87575,,,21.333896013000412
0,660,0.3579726337591807,0.8765833333333334,0.6584375,0.6556553675489324,37.861531485999876
0,661,0.3568303718566895,0.8764166666666666,,,28.885306772999684
0,662,0.3530429293314616,0.8785,,,15.329532880999977
0,663,0.3581998267968496,0.876,,,22.706529581999348
0,664,0.35013896695772806,0.8799166666666667,,,20.997975660999145
0,665,0.3580950388908386,0.8757916666666666,,,10.604530971999338
0,666,0.3451798854668935,0.881625,,,8.260074403000544
0,667,0.35286555242538453,0.8760833333333333,,,8.110315788000662
0,668,0.3565897263685862,0.8760416666666667,,,8.028003316998365
0,669,0.34089167014757793,0.883375,,,8.08315716800098
0,670,0.340808038632075,0.8820416666666666,0.5609375,0.5519557884568216,9.319770783000422
0,671,0.3481503020127614,0.878125,,,7.933125782001298
0,672,0.35364540815353396,0.8785416666666667,,,7.541241015998821
0,673,0.3514693710009257,0.87825,,,7.486525475000235
0,674,0.34306212862332663,0.8825,,,7.623782022999876
0,675,0.3468611466884613,0.877875,,,7.576097129998743
0,676,0.3490970586935679,0.8785416666666667,,,7.332149102001495
0,677,0.3449768403371175,0.8830833333333333,,,7.1897880870001245
0,678,0.3363752252260844,0.88475,,,7.242662100999951
0,679,0.3365022694269816,0.88425,,,6.971178505000353
0,680,0.3510434962113698,0.8785,0.569375,0.5663280855219,8.129144927999732
0,681,0.34201495464642845,0.88125,,,7.107663281998612
0,682,0.33728949681917825,0.8830416666666666,,,7.118533740000203
0,683,0.33910360980033877,0.8819583333333333,,,7.138876642000469
0,684,0.34117101987202963,0.8824583333333333,,,7.122539961999792
0,685,0.3416346301237742,0.878625,,,7.131049979001546
0,686,0.3446780157089233,0.8788333333333334,,,7.129255799998646
0,687,0.34262411554654437,0.8825416666666667,,,7.137015087999316
0,688,0.33299504351615905,0.8852916666666667,,,7.047424073998627
0,689,0.3359506994088491,0.8855,,,6.961506306999581
0,690,0.3406853322188059,0.8811666666666667,0.5703125,0.5645610242274068,8.037616764999257
0,691,0.332608682235082,0.8848333333333334,,,6.973807006001152
0,692,0.33573939474423725,0.8837916666666666,,,7.007887637000749
0,693,0.3310774658521016,0.8891666666666667,,,7.1866334970000025
0,694,0.33806229559580486,0.884125,,,7.1248394070007635
0,695,0.33300930706659954,0.8853333333333333,,,6.975655835998623
0,696,0.3359639788468679,0.8828333333333334,,,7.0566140720002295
0,697,0.33841264486312866,0.8843333333333333,,,6.975776176001091
0,698,0.3520418208440145,0.8783333333333333,,,7.030003310999746
0,699,0.34683003362019854,0.8801666666666667,,,7.0273725660008495
0,700,0.33318637188275657,0.8850833333333333,0.5871875,0.5808735070959539,8.07732562899946
0,701,0.3462998439470927,0.879375,,,7.051028594001764
0,702,0.3325411883195241,0.8862083333333334,,,7.5184168289997615
0,703,0.33360619831085203,0.8879166666666667,,,7.3095430029989075
0,704,0.33532511377334595,0.8827083333333333,,,7.070266808999804
0,705,0.33274616169929505,0.8865,,,6.968873570000142
0,706,0.33679234222571053,0.8838333333333334,,,6.960396276999745
0,707,0.33263849329948425,0.8854166666666666,,,6.973456966999947
0,708,0.3354528016249339,0.8846666666666667,,,6.9460449920006795
0,709,0.3377114664713542,0.882875,,,6.983899403001487
0,710,0.3383376953601837,0.8834166666666666,0.646875,0.6440877435541913,8.042501751999225
0,711,0.3322206664085388,0.8859583333333333,,,6.985288932999538
0,712,0.33758114608128864,0.8823333333333333,,,6.963927998000145
0,713,0.3351894207795461,0.8856666666666667,,,6.969475380999938
0,714,0.32078099250793457,0.8909583333333333,,,6.96432672300034
0,715,0.32691814812024433,0.8865,,,6.973745533998226
0,716,0.32868021170298256,0.8857916666666666,,,6.98448517900033
0,717,0.34053185693422955,0.8832916666666667,,,6.988534991000051
0,718,0.32677657274405164,0.88675,,,6.980778229999487
0,719,0.3296023283004761,0.8854166666666666,,,6.9702379619993735
0,720,0.32000089311599733,0.89075,0.5928125,0.5869223922580351,7.997314419000759
0,721,0.34714872686068216,0.8799583333333333,,,6.962695386000632
0,722,0.32745094219843546,0.8879583333333333,,,6.955370698999104
0,723,0.3300013400713603,0.8854166666666666,,,6.9574431010005355
0,724,0.3261310911178589,0.88775,,,6.944426547999683
0,725,0.32293897175788877,0.8895833333333333,,,6.9739026649986045
0,726,0.3274062713781993,0.8870416666666666,,,6.967055835000792
0,727,0.3248707070350647,0.8876666666666667,,,6.966767601999891
0,728,0.33107855494817096,0.8850416666666666,,,6.955541792998702
0,729,0.32604025324185687,0.889875,,,6.964515012999982
0,730,0.3263035545349121,0.8865833333333333,0.6075,0.603313354058199,8.01107599900024
0,731,0.3243581786950429,0.8890416666666666,,,6.956088999000713
0,732,0.32136243780454,0.8907083333333333,,,6.954648955999801
0,733,0.3258764275709788,0.888875,,,6.957665717000054
0,734,0.3241984451611837,0.8893333333333333,,,6.9588636759999645
0,735,0.3192065902551015,0.8898333333333334,,,6.950857363999603
0,736,0.31873069135348003,0.891,,,6.962251905999437
0,737,0.30866950631141665,0.8935833333333333,,,7.136136242001157
0,738,0.3205904866059621,0.8912083333333334,,,7.032578835000095
0,739,0.32411982226371766,0.8867083333333333,,,6.972877366999455
0,740,0.3257857409318288,0.889,0.55875,0.5538191339187407,8.062710285999856
0,741,0.32716960604985557,0.8867916666666666,,,7.010375961001046
0,742,0.31323001607259116,0.8929166666666667,,,7.034558938999908
0,743,0.30783142296473187,0.8957083333333333,,,6.961528881000049
0,744,0.314150386651357,0.8917083333333333,,,6.954376712001249
0,745,0.31364650670687355,0.892375,,,6.95964702099991
0,746,0.31698344031969705,0.88925,,,6.943310089000079
0,747,0.3191866511503855,0.8901666666666667,,,6.965182927000569
0,748,0.31658690579732257,0.891625,,,6.987577140000212
0,749,0.31499787052472433,0.8915833333333333,,,6.9642147630002
0,750,0.31997166299819946,0.8894166666666666,0.6290625,0.6248415389264861,8.072979766000572
0,751,0.3076162971655528,0.8923333333333333,,,6.956853227000465
0,752,0.31337145455678306,0.8902916666666667,,,7.02315468300003
0,753,0.3130699245929718,0.8925416666666667,,,6.9754978390010365
0,754,0.3127219897111257,0.8914166666666666,,,7.001729919000354
0,755,0.31731707859039304,0.8904166666666666,,,6.98578764100057
0,756,0.3116944979826609,0.8923333333333333,,,7.023015108999971
0,757,0.3094029997984568,0.8925833333333333,,,7.00626931700026
0,758,0.3232954137325287,0.8875,,,7.014506593999613
0,759,0.31197381671269736,0.8916666666666667,,,7.032582236999588
0,760,0.30666494989395143,0.89175,0.695,0.6946030961196799,8.029296508999323
0,761,0.3185615963935852,0.88975,,,6.994303499001035
0,762,0.31147524825731915,0.8927083333333333,,,7.030376246999367
0,763,0.29754908227920535,0.89925,,,7.002403274998869
0,764,0.3101439642906189,0.892375,,,6.980683080000745
0,765,0.31161692055066426,0.89425,,,6.974839260001318
0,766,0.3120789354642232,0.8930833333333333,,,6.963263199000721
0,767,0.30622996838887534,0.8924166666666666,,,6.958932618999825
0,768,0.304286166826884,0.8955833333333333,,,6.950870358999964
0,769,0.307830251177152,0.894125,,,6.945137158001671
0,770,0.30927795656522117,0.8931666666666667,0.613125,0.6109854675314101,7.9824797220007895
0,771,0.299282079855601,0.898,,,6.955749651999213
0,772,0.29908369660377504,0.895375,,,6.952901284999825
0,773,0.3051379840373993,0.89475,,,6.961828857
0,774,0.31421176687876384,0.8917916666666666,,,6.949714229000165
0,775,0.30044944445292154,0.897,,,6.944999105999159
0,776,0.29688463306427004,0.8991666666666667,,,6.956835795999723
0,777,0.30357951696713764,0.8969166666666667,,,6.9424512189998495
0,778,0.30542145760854084,0.8946666666666667,,,6.944791044999874
0,779,0.30873460388183593,0.8938333333333334,,,6.948006370999792
0,780,0.3007433252334595,0.8948333333333334,0.6815625,0.6805931285252186,7.994211477000135
0,781,0.30604866790771484,0.897125,,,6.947954739000124
0,782,0.30163423641522724,0.8956666666666667,,,6.9771101059996
0,783,0.30128404013315835,0.8944583333333334,,,6.952021827000863
0,784,0.2962892062664032,0.8993333333333333,,,6.945209381001405
0,785,0.30998229813575745,0.8912916666666667,,,6.9434873499994865
0,786,0.3014121034940084,0.8969583333333333,,,6.936930677000419
0,787,0.3088296089172363,0.89375,,,6.94613665200086
0,788,0.2934986430009206,0.8981666666666667,,,6.9554920270002185
0,789,0.29855451599756877,0.8985,,,6.94163922000007
0,790,0.3236872636477153,0.8909583333333333,0.5253125,0.5133179252665016,8.014746584000022
0,791,0.3060717391173045,0.8924166666666666,,,6.960790649000046
0,792,0.2953154484430949,0.8994583333333334,,,6.9480507529988245
0,793,0.29883065899213157,0.89825,,,6.957593695999094
0,794,0.30176892097791036,0.896125,,,6.9570541879984376
0,795,0.29187936131159464,0.8994583333333334,,,6.957301174999884
0,796,0.29208689403533933,0.9003333333333333,,,6.9503530180008966
0,797,0.2974505658944448,0.8975,,,6.96209902100054
0,798,0.3029010286331177,0.8954583333333334,,,6.967933264999374
0,799,0.2958038732210795,0.8978333333333334,,,6.976657682998848
0,800,0.288433198928833,0.9014166666666666,0.7025,0.703465378259878,7.9907580239996605
0,801,0.29904811771710715,0.8965,,,6.942873701998906
0,802,0.28512810079256695,0.9010416666666666,,,6.942590646000099
0,803,0.2999972706635793,0.896125,,,6.944099397000173
0,804,0.2956290225982666,0.8982916666666667,,,6.958566913999675
0,805,0.29950572832425437,0.8954166666666666,,,6.950198868000371
0,806,0.28741947348912555,0.8995833333333333,,,6.9549095279999165
0,807,0.28745666376749673,0.9020833333333333,,,7.239365433000785
0,808,0.29226197115580244,0.8997916666666667,,,7.072716766999292
0,809,0.29062356893221536,0.9012083333333333,,,7.246464378000383
0,810,0.29259508804480233,0.8984583333333334,0.63875,0.6380389561397247,8.057058718000917
0,811,0.30710299317042034,0.8936666666666667,,,6.968129238999609
0,812,0.29186114223798115,0.8969583333333333,,,7.02075695700114
0,813,0.2896982861359914,0.90225,,,6.946321838000586
0,814,0.29387289492289226,0.8986666666666666,,,6.937027017000219
0,815,0.2959366947809855,0.8972083333333334,,,6.949889520999932
0,816,0.29353526250521345,0.8989583333333333,,,6.960961277000024
0,817,0.2892519427935282,0.8994166666666666,,,6.961083057998621
0,818,0.29450927273432415,0.8987083333333333,,,6.954128430999845
0,819,0.28527697308858235,0.9017916666666667,,,6.939925876000416
0,820,0.2985223755041758,0.896125,0.6165625,0.6138783904499701,7.975556367000536
0,821,0.2889110622406006,0.901875,,,6.941990106000958
0,822,0.28933699886004133,0.8993333333333333,,,6.942903786999523
0,823,0.2964504138628642,0.8989166666666667,,,6.928175994000412
0,824,0.2858206463654836,0.901875,,,6.9412486420005735
0,825,0.27635993496576944,0.9042083333333333,,,6.93659038900114
0,826,0.28234915240605674,0.9027916666666667,,,6.94885636500112
0,827,0.288229386250178,0.902125,,,6.945506844000192
0,828,0.29361866076787313,0.89925,,,6.951695620000464
0,829,0.28948398447036744,0.902125,,,6.945452164000017
0,830,0.2797496320406596,0.9031666666666667,0.6090625,0.6062588876112888,8.048855560000447
0,831,0.2828091458082199,0.9029583333333333,,,6.950287162999302
0,832,0.2848554584185282,0.9012083333333333,,,6.945563871000559
0,833,0.2775313917001088,0.9041666666666667,,,6.953375584000241
0,834,0.2851276818911235,0.9004583333333334,,,6.963323228999798
0,835,0.2806801160176595,0.9040416666666666,,,6.9596145110008365
0,836,0.2809105583826701,0.904625,,,6.966347386998677
0,837,0.28055275694529214,0.9033333333333333,,,6.97416811200128
0,838,0.2870240670839945,0.9019583333333333,,,6.970644312999866
0,839,0.28590003538131714,0.9009583333333333,,,6.961724944001617
0,840,0.2815901299317678,0.9050416666666666,0.6840625,0.6845824604043882,8.037418365000121
0,841,0.2874796190261841,0.8990833333333333,,,6.971184729000015
0,842,0.28628952089945475,0.90075,,,6.964349615000174
0,843,0.28423801652590436,0.900875,,,6.958232752000185
0,844,0.27672703576087954,0.9067083333333333,,,6.938261780000175
0,845,0.2819414006868998,0.902625,,,6.951769175000663
0,846,0.28087113801638286,0.9021666666666667,,,6.942087641000398
0,847,0.2782389374574025,0.90625,,,6.968133278998721
0,848,0.273593541542689,0.9045416666666667,,,6.9545247859987285
0,849,0.28411374815305074,0.9020416666666666,,,6.959848423000949
0,850,0.2898621495564779,0.9013333333333333,0.58625,0.5808928531433215,8.021795196000312
0,851,0.29006570688883465,0.8993333333333333,,,6.966491862000112
0,852,0.2716717196305593,0.9052916666666667,,,6.949828095999692
0,853,0.27460366225242616,0.9056666666666666,,,6.951330850000886
0,854,0.2839581894079844,0.9007916666666667,,,6.950860880000619
0,855,0.277930761496226,0.9022916666666667,,,6.939452982000148
0,856,0.28329131388664247,0.9025833333333333,,,6.9447363119998045
0,857,0.27958341892560323,0.9035416666666667,,,6.9563832210005785
0,858,0.278398726383845,0.9051666666666667,,,6.961022928999228
0,859,0.27903811359405517,0.9034583333333334,,,6.952528314999654
0,860,0.27865107091267904,0.9047916666666667,0.625625,0.6222342392955011,8.001633743000639
0,861,0.29887399927775066,0.8966666666666666,,,6.959467378999761
0,862,0.28350670035680137,0.9013333333333333,,,6.941793280000638
0,863,0.2770815359354019,0.9048333333333334,,,6.960504891001619
0,864,0.27961680738131206,0.905875,,,6.956714395000745
0,865,0.26993276333808897,0.908,,,6.939498088999244
0,866,0.281276550690333,0.9024166666666666,,,6.939334560000134
0,867,0.27023186703523,0.9080833333333334,,,6.945264379999571
0,868,0.276882977604866,0.9043333333333333,,,6.928003500999694
0,869,0.2851555091540019,0.90225,,,6.935433365999415
0,870,0.2834338963031769,0.9033333333333333,0.5890625,0.5878088619013898,8.00517594899975
0,871,0.266019255956014,0.9079166666666667,,,6.941406096999344
0,872,0.27383294653892515,0.9045,,,6.947430299000189
0,873,0.27140724460283916,0.9077083333333333,,,6.96031405299982
0,874,0.26948236727714536,0.9061666666666667,,,6.9528425769985915
0,875,0.2684615326722463,0.906625,,,6.965299904999483
0,876,0.27539739855130513,0.9047916666666667,,,6.9452125190000515
0,877,0.25769176248709363,0.9125,,,6.944999028000893
0,878,0.2729537394046783,0.904,,,6.945311299001332
0,879,0.2602928483088811,0.909625,,,6.943331439000758
0,880,0.27905453928311663,0.9035416666666667,0.6415625,0.6388090270293155,8.004147167001065
0,881,0.26254738529523214,0.9107083333333333,,,6.940826702000777
0,882,0.28501423422495525,0.9020833333333333,,,6.938667743999758
0,883,0.2674876308441162,0.9077916666666667,,,6.935559292000107
0,884,0.27590525774161023,0.9050833333333334,,,6.940265839999483
0,885,0.2596365516980489,0.9115833333333333,,,6.942080299999361
0,886,0.2762501095533371,0.9037083333333333,,,6.94114538499889
0,887,0.2728915976683299,0.906375,,,6.946445727000537
0,888,0.26408636820316317,0.9069166666666667,,,6.948091261998343
0,889,0.26197953430811566,0.909875,,,6.938644578000094
0,890,0.2698847328821818,0.9079166666666667,0.67125,0.6696951197182225,8.91834692699922
0,891,0.26135134196281434,0.9094166666666667,,,7.069771507000041
0,892,0.2646892023483912,0.9099166666666667,,,6.97623598699829
0,893,0.2698732912540436,0.9057083333333333,,,6.966620162000254
0,894,0.27221947034200034,0.9068333333333334,,,6.958112521000658
0,895,0.26757983628908794,0.9092083333333333,,,6.954649777999293
0,896,0.2644624818166097,0.910375,,,6.956882959999348
0,897,0.2638515716393789,0.909,,,6.95856188200014
0,898,0.2603492898146311,0.913,,,6.947590302999743
0,899,0.26451772705713905,0.9086666666666666,,,6.946480753000287
0,900,0.26975218002001444,0.906875,0.675,0.6749252026398234,8.010662638000213
0,901,0.2658117243051529,0.9092916666666667,,,6.978761559999839
0,902,0.2627216855684916,0.908625,,,6.968184465999002
0,903,0.26250240925947826,0.9097916666666667,,,6.966856643000938
0,904,0.2709417671362559,0.9064583333333334,,,6.948998424999445
0,905,0.25835670312245684,0.911375,,,6.946949027000301
0,906,0.25049376106262206,0.9144583333333334,,,6.95679631999883
0,907,0.2602597422599792,0.9119166666666667,,,6.94782192799903
0,908,0.2570863706668218,0.90975,,,6.942155002998334
0,909,0.26256541661421456,0.91,,,6.959883757999705
0,910,0.2705684946775436,0.9065,0.6959375,0.6951879462120851,8.012080471000445
0,911,0.26224868961175285,0.9077916666666667,,,6.942522725999879
0,912,0.2657050481637319,0.9060416666666666,,,6.964754754999376
0,913,0.2627301807403564,0.909375,,,6.961205440000413
0,914,0.2506766211191813,0.91375,,,6.964148069999283
0,915,0.2523534828821818,0.9140416666666666,,,6.953453695999997
0,916,0.259553147872289,0.9105416666666667,,,6.949664581001343
0,917,0.26135264440377554,0.909875,,,6.953047141998468
0,918,0.26054634197553,0.9107083333333333,,,6.955705362999652
0,919,0.25517885367075605,0.9118333333333334,,,6.941943350999281
0,920,0.26249857989947,0.9106666666666666,0.615625,0.6102231437588277,8.024141526999301
0,921,0.262015332142512,0.9084583333333334,,,6.950453850999111
0,922,0.26290518669287366,0.9087916666666667,,,6.938213552999514
0,923,0.26117260575294493,0.909625,,,6.947212915998534
0,924,0.2852951379617055,0.905125,,,6.941434057000151
0,925,0.25254953773816424,0.9120416666666666,,,6.937676562998604
0,926,0.26310823317368826,0.9099583333333333,,,6.958107979000488
0,927,0.26290361626942954,0.9095833333333333,,,6.9532751879996795
0,928,0.2683759578069051,0.9082916666666667,,,6.947726910000711
0,929,0.262290940006574,0.90825,,,6.963419219999196
0,930,0.2638694531917572,0.9082083333333333,0.62625,0.6241190794062513,8.02635601700058
0,931,0.2555255432923635,0.9088333333333334,,,6.959130713999912
0,932,0.24496819106737772,0.91675,,,6.952391904998876
0,933,0.25036463006337484,0.91275,,,6.947167753000031
0,934,0.2543912025690079,0.9155833333333333,,,6.94717030999891
0,935,0.2640613843202591,0.913,,,6.951429718001236
0,936,0.26023387122154235,0.9090416666666666,,,6.945564826999544
0,937,0.25875588981310527,0.91225,,,6.949974757000746
0,938,0.2504918336073558,0.912875,,,6.9720480919986585
0,939,0.2496729904015859,0.915,,,6.967746594000346
0,940,0.2530261070728302,0.9129583333333333,0.63125,0.62813606641977,8.047825930998442
0,941,0.25507377537091575,0.9122083333333333,,,6.945692172001145
0,942,0.25171951154867805,0.9121666666666667,,,6.948339272001249
0,943,0.24286695710817974,0.9157916666666667,,,6.953635253999892
0,944,0.24643300612767538,0.91475,,,6.9751723909994325
0,945,0.2504520833492279,0.913375,,,7.233720071999414
0,946,0.23492403133710224,0.9205,,,7.000030332001188
0,947,0.2507646799882253,0.9129166666666667,,,7.0062988990011945
0,948,0.24551245558261872,0.9151666666666667,,,7.217954376999842
0,949,0.2509578892389933,0.9142916666666666,,,6.974880764000773
0,950,0.24585748342672983,0.9173333333333333,0.58625,0.5807444077232079,7.987121525000475
0,951,0.2503509191672007,0.91225,,,6.959700277999218
0,952,0.24785939153035483,0.916,,,6.958289526999579
0,953,0.2571755664348602,0.91275,,,6.960225532999175
0,954,0.25496984807650247,0.910125,,,6.9792669380003645
0,955,0.24779951492945354,0.915375,,,6.963003965998723
0,956,0.25134027767181394,0.913875,,,6.943369896000149
0,957,0.25233372394243875,0.9132083333333333,,,6.954360147001353
0,958,0.2472070002158483,0.9144583333333334,,,6.961289897000825
0,959,0.2439118890762329,0.9166666666666666,,,6.947843218000344
0,960,0.23710787280400594,0.9180416666666666,0.6484375,0.6449682129749557,8.000259345000813
0,961,0.2411716408729553,0.9180833333333334,,,6.944865041999947
0,962,0.25247520967324577,0.910625,,,6.944748271000208
0,963,0.2540153679052989,0.9158333333333334,,,6.945457842999531
0,964,0.2352181062301,0.9210833333333334,,,6.942623590000949
0,965,0.24145040504137674,0.9178333333333333,,,6.9404512159999285
0,966,0.246399067680041,0.9150833333333334,,,6.947988875999727
0,967,0.24594722056388854,0.9154583333333334,,,6.946177599998919
0,968,0.24222933371861777,0.916125,,,6.945562765999057
0,969,0.24223495960235597,0.9174583333333334,,,6.961747502000435
0,970,0.2517542675336202,0.9138333333333334,0.6203125,0.6189791117316253,7.980986659000337
0,971,0.25288913838068644,0.9130833333333334,,,6.974781202001395
0,972,0.2408704791466395,0.9174166666666667,,,6.947102824000467
0,973,0.23798235106468202,0.9193333333333333,,,6.9430373439990944
0,974,0.24598960109551748,0.9157083333333333,,,6.941980071998842
0,975,0.24072583270072936,0.9192083333333333,,,6.943239842999901
0,976,0.24996848690509796,0.9134583333333334,,,6.944767322998814
0,977,0.2497137616078059,0.915375,,,6.954173281999829
0,978,0.2446083879470825,0.9155,,,6.9567278169997735
0,979,0.2479492950439453,0.9137083333333333,,,6.9547720219998155
0,980,0.2393233496348063,0.9186666666666666,0.6153125,0.6124234775636122,8.031774776998645
0,981,0.2404278777440389,0.9185,,,6.969775556000968
0,982,0.24895132458209993,0.9133333333333333,,,6.945042546998593
0,983,0.24632081989447277,0.9154166666666667,,,6.956803377001052
0,984,0.24534152575333912,0.9154583333333334,,,6.940055234999818
0,985,0.24716282602151235,0.9161666666666667,,,6.933377798999572
0,986,0.24175410509109496,0.9153333333333333,,,6.9606452619991614
0,987,0.24619895998636881,0.9134166666666667,,,6.95795809899937
0,988,0.2392933684984843,0.9182083333333333,,,6.977642679001292
0,989,0.24230772550900778,0.9169583333333333,,,6.9589729020008235
0,990,0.2457087909380595,0.9151666666666667,0.655625,0.6545269431701466,8.060140310000861
0,991,0.23015116882324219,0.9219166666666667,,,6.988476726999579
0,992,0.2440509794553121,0.9139583333333333,,,6.977747688999443
0,993,0.2505617421468099,0.91275,,,6.983731315000114
0,994,0.24431408858299256,0.915875,,,6.957039978000466
0,995,0.23646493637561797,0.9195416666666667,,,6.957638631000009
0,996,0.24765416844685872,0.9147916666666667,,,6.951524914000402
0,997,0.22851624854405722,0.9220833333333334,,,6.955113337000512
0,998,0.22626534843444823,0.9222083333333333,,,6.961658911000995
0,999,0.2361058497428894,0.9187083333333333,,,6.949038763999852
0,1000,0.23970380155245463,0.91725,0.638125,0.6355893911100965,8.003963479000959
1,1,3.029611010233561,0.069375,,,7.4880356499998015
1,2,2.874333806991577,0.10775,,,6.908168262998515
1,3,2.7898056297302247,0.13833333333333334,,,6.899562796001192
1,4,2.728761447906494,0.15725,,,6.9058381150007335
1,5,2.658879926045736,0.17520833333333333,,,6.891608769999948
1,6,2.5957877667744955,0.18966666666666668,,,6.903843998999946
1,7,2.5347261231740315,0.20270833333333332,,,6.895271639999919
1,8,2.4734735310872398,0.213125,,,6.898677503000727
1,9,2.3999937121073405,0.228875,,,6.915058351998596
1,10,2.3543823305765788,0.23604166666666668,0.108125,0.07107801628721674,7.9622342479997315
1,11,2.2999393469492593,0.24620833333333333,,,6.901155199000641
1,12,2.251031639099121,0.2554166666666667,,,6.921595106001405
1,13,2.2099031378428142,0.26495833333333335,,,6.9063647459988715
1,14,2.160924408276876,0.279,,,6.9053171499999735
1,15,2.1073639284769694,0.291,,,6.931813392000549
1,16,2.076704600652059,0.29854166666666665,,,6.9238463759993465
1,17,2.0633592936197918,0.301875,,,6.900557580998793
1,18,2.027871634165446,0.3115833333333333,,,6.925871968000138
1,19,1.9788184935251871,0.31704166666666667,,,6.922666288999608
1,20,1.958558796564738,0.327,0.1528125,0.13001260950101254,7.930543200000102
1,21,1.9305244757334392,0.33441666666666664,,,6.924156391998622
1,22,1.8971520048777262,0.3433333333333333,,,6.904700052000408
1,23,1.875474398612976,0.351,,,6.916902041000867
1,24,1.8492498022715251,0.3544583333333333,,,6.909322814999541
1,25,1.823557647705078,0.365125,,,6.914612562000912
1,26,1.8012999534606933,0.37025,,,6.906602869999915
1,27,1.7909157908757527,0.3735833333333333,,,6.907618264998746
1,28,1.7530636876424153,0.3864166666666667,,,6.908639515999312
1,29,1.7443298835754395,0.38695833333333335,,,6.906632776999686
1,30,1.7130408166249593,0.394875,0.204375,0.18424371442998516,7.947782967999956
1,31,1.7145161078770956,0.3942083333333333,,,6.92250858800071
1,32,1.6920137379964193,0.4035416666666667,,,6.918293262000589
1,33,1.672260516166687,0.412,,,6.916705870000442
1,34,1.661603655497233,0.4146666666666667,,,6.907677810000678
1,35,1.6318986511230469,0.422,,,6.929633005000142
1,36,1.606840150197347,0.42941666666666667,,,6.91717838600016
1,37,1.6215225251515706,0.42454166666666665,,,6.934719631000917
1,38,1.5968330752054851,0.43483333333333335,,,6.927088888998696
1,39,1.5760046869913737,0.442375,,,6.932223998999689
1,40,1.5695333401362102,0.443375,0.3140625,0.30740639211691145,8.015651323999919
1,41,1.5564151496887206,0.44895833333333335,,,6.933107618999202
1,42,1.5348010149002076,0.45429166666666665,,,6.912090887000886
1,43,1.525972302118937,0.462375,,,6.919392044999768
1,44,1.50748650487264,0.463875,,,6.922953769999367
1,45,1.4929274196624756,0.46820833333333334,,,6.9133772010009125
1,46,1.5032798144022623,0.464625,,,6.925410137999279
1,47,1.4843976338704428,0.47420833333333334,,,6.921205186999941
1,48,1.4722333647410075,0.474875,,,6.912997413999619
1,49,1.4549450079600017,0.481,,,6.912889596000241
1,50,1.440366916656494,0.48841666666666667,0.303125,0.2880683044118975,7.9790312639997865
1,51,1.4445744953155517,0.48554166666666665,,,6.931209484000647
1,52,1.4308306217193603,0.4887916666666667,,,6.917227497000567
1,53,1.4222885897954305,0.49525,,,6.930154140000013
1,54,1.4101197859446208,0.49733333333333335,,,6.910265966000225
1,55,1.3901413065592447,0.5024166666666666,,,6.926530857001126
1,56,1.37974463113149,0.5075833333333334,,,6.916083610998612
1,57,1.3668622617721558,0.5177916666666667,,,6.927624560001277
1,58,1.358471767425537,0.519625,,,6.915534349998779
1,59,1.3623477567036946,0.51425,,,6.928049564001412
1,60,1.3497627175649007,0.518625,0.3575,0.3403288163448229,7.958643106998352
1,61,1.3567803999582926,0.514125,,,6.917199950001304
1,62,1.3455552673339843,0.5196666666666667,,,6.918461817000207
1,63,1.3278263489405313,0.52575,,,6.903816751999329
1,64,1.3145880959828695,0.5277083333333333,,,6.9156448769990675
1,65,1.3147174685796101,0.5290833333333333,,,6.91534637499899
1,66,1.2953229885101318,0.5340833333333334,,,6.9199583800000255
1,67,1.2929351329803467,0.5379583333333333,,,6.923223273999611
1,68,1.2989840040206908,0.5365416666666667,,,6.916293784999652
1,69,1.2701865396499634,0.5467083333333334,,,6.9337730870011
1,70,1.2587512890497843,0.5514583333333334,0.38875,0.37429754179415886,7.9558879929991235
1,71,1.2814345868428547,0.5451666666666667,,,6.859458535000158
1,72,1.2563343296051026,0.5460833333333334,,,6.714010452998991
1,73,1.2437791840235393,0.55375,,,6.712011134000932
1,74,1.2472122376759847,0.55275,,,6.715742399999726
1,75,1.239461742401123,0.5569166666666666,,,6.703781299000184
1,76,1.2261868699391683,0.5622916666666666,,,6.715464783999778
1,77,1.21671338335673,0.565125,,,6.743630880000637
1,78,1.2083277784983317,0.5679166666666666,,,6.734403992999432
1,79,1.2120352121988933,0.5675416666666667,,,6.710080091999771
1,80,1.1945886303583781,0.5730833333333333,0.3034375,0.2835649294254054,7.7524238969999715
1,81,1.196068462371826,0.5675416666666667,,,6.712737181998818
1,82,1.193224780400594,0.5740416666666667,,,6.728597314999206
1,83,1.1679188642501832,0.58275,,,6.727311655000449
1,84,1.1627770013809204,0.5828333333333333,,,6.7241197300008935
1,85,1.1809515622456868,0.578125,,,6.704133390998322
1,86,1.1629120531082153,0.5842083333333333,,,6.722219739000138
1,87,1.148175079981486,0.58675,,,6.720240838998507
1,88,1.1538967351913452,0.587875,,,6.723930203999771
1,89,1.149259506225586,0.59175,,,6.718817724000473
1,90,1.148233824412028,0.5881666666666666,0.2753125,0.2609186537666208,7.763610328000141
1,91,1.124565565109253,0.5996666666666667,,,6.714987461999044
1,92,1.1320052045186362,0.5954166666666667,,,6.711562477999905
1,93,1.1418273547490438,0.5911666666666666,,,6.71680089199981
1,94,1.1153637606302897,0.6011666666666666,,,6.706294576999426
1,95,1.109849163691203,0.603125,,,6.7223258829999395
1,96,1.1280579551060994,0.5963333333333334,,,6.714702495999518
1,97,1.098781594912211,0.6077916666666666,,,6.720200556999771
1,98,1.085627383550008,0.6127916666666666,,,6.710253248000299
1,99,1.1134806232452392,0.603375,,,6.7196287930000835
1,100,1.0943637059529623,0.6085833333333334,0.2909375,0.26546256029880577,7.712278520000837
1,101,1.088553899447123,0.6093333333333333,,,6.730447109001034
1,102,1.0741825698216756,0.6120833333333333,,,6.721712159998788
1,103,1.0677704833348591,0.6175416666666667,,,6.723617469000601
1,104,1.061574036280314,0.6173333333333333,,,6.720595728000262
1,105,1.063199670155843,0.617,,,6.718256716001633
1,106,1.0536159429550171,0.627,,,6.722578422000879
1,107,1.047026741027832,0.6253333333333333,,,6.725775358001556
1,108,1.0490143958727518,0.6257916666666666,,,6.712596903998929
1,109,1.04334774684906,0.6272916666666667,,,6.7095735109996895
1,110,1.0375264863967895,0.6302083333333334,0.3553125,0.33786136725510524,7.7217729140011215
1,111,1.0299916089375813,0.6307083333333333,,,6.717762883999967
1,112,1.0312518142064413,0.6335416666666667,,,6.703613140000016
1,113,1.028487232208252,0.6318333333333334,,,6.708929677999549
1,114,1.0294278828303018,0.631,,,6.707203980000486
1,115,1.0115638761520385,0.6378333333333334,,,6.713167553998574
1,116,1.02205322488149,0.6329583333333333,,,6.71405697299997
1,117,1.0121480518976846,0.6382916666666667,,,6.710869362001176
1,118,1.0141073603630066,0.6390833333333333,,,6.712425100000473
1,119,1.0051985592842103,0.6402083333333334,,,6.70154064900089
1,120,0.9979933792750041,0.6471666666666667,0.6328125,0.6307193370799558,7.740236710998943
1,121,0.9900138600667318,0.6464583333333334,,,6.706017898999562
1,122,0.9807652848561604,0.6494583333333334,,,6.70902974099954
1,123,0.978050237496694,0.65425,,,6.703830632999598
1,124,0.9782109759648641,0.6527916666666667,,,6.71784204100004
1,125,0.9606007986068725,0.656875,,,6.711518697000429
1,126,0.9685838797887166,0.652625,,,6.7130410649988335
1,127,0.9745398098627727,0.6527916666666667,,,6.7299590120001085
1,128,0.9682378594080607,0.6530833333333333,,,6.711820840000655
1,129,0.9598952086766561,0.658125,,,6.708036171999993
1,130,0.97139954662323,0.6539583333333333,0.4090625,0.40489517387345664,7.7189431099996
1,131,0.9610936683019002,0.66025,,,6.710519274000035
1,132,0.955519998550415,0.6527083333333333,,,6.7166436330007855
1,133,0.9345879386266073,0.6670833333333334,,,6.715239033999751
1,134,0.9508124860127767,0.6579166666666667,,,6.713033996000377
1,135,0.9443226102193196,0.661125,,,6.7066874360007205
1,136,0.9309028317133585,0.6702916666666666,,,6.708354693999354
1,137,0.917980405330658,0.676625,,,6.7200636899997335
1,138,0.9463026351928711,0.6654583333333334,,,6.709036004000154
1,139,0.9261346750259399,0.671625,,,6.710798533998968
1,140,0.9220053857167562,0.672375,0.3725,0.365046919349318,7.7247130690011545
1,141,0.908132251739502,0.6775,,,6.723320652999973
1,142,0.9068369728724162,0.6753333333333333,,,6.713557094000862
1,143,0.9083363246917725,0.67575,,,6.715667205999125
1,144,0.92644433371226,0.6704166666666667,,,6.7255935260000115
1,145,0.9152723989486694,0.672375,,,6.71987892099969
1,146,0.8959876953760783,0.67975,,,6.718429374999687
1,147,0.884572905699412,0.685375,,,6.721580945999449
1,148,0.8950268920262655,0.6849166666666666,,,6.720958164998592
1,149,0.8980480006535848,0.6784583333333334,,,6.72083714800101
1,150,0.894922016620636,0.6797083333333334,0.3453125,0.33230103940125116,7.725914103999457
1,151,0.8801496054331461,0.6862916666666666,,,6.732103301999814
1,152,0.8750017035802206,0.6880416666666667,,,6.719753007000691
1,153,0.8736585143407186,0.6906666666666667,,,6.729150389999631
1,154,0.8888187252680461,0.6814166666666667,,,6.71873274400059
1,155,0.8699514757792155,0.6927916666666667,,,6.710980844000005
1,156,0.8611291402180989,0.6933333333333334,,,6.709924086000683
1,157,0.8587050771713257,0.6957916666666667,,,6.712467663999632
1,158,0.8661421006520589,0.6897083333333334,,,6.705209204999846
1,159,0.8470332670211792,0.698875,,,6.704846755001199
1,160,0.872605754852295,0.6861666666666667,0.45875,0.4458861610350445,7.7316024960000505
1,161,0.8495238072077433,0.7017916666666667,,,6.722978210000292
1,162,0.8474923745791118,0.6975416666666666,,,6.724619626000276
1,163,0.8442445166905721,0.70025,,,6.705627016999642
1,164,0.8380241190592448,0.7017083333333334,,,6.706787869999971
1,165,0.8448596181869507,0.6998333333333333,,,6.711278582999512
1,166,0.8369633032480875,0.7047916666666667,,,6.715509271998599
1,167,0.831449094136556,0.7065,,,6.715420260001338
1,168,0.8275937123298645,0.7057916666666667,,,6.70958698800132
1,169,0.833535351117452,0.7054583333333333,,,6.718955337000807
1,170,0.8206169487635294,0.7107083333333334,0.371875,0.3570386899601018,7.704975831999036
1,171,0.8219481630325317,0.7089166666666666,,,6.711083029000292
1,172,0.8176131253242492,0.709375,,,6.70799457099929
1,173,0.8102694943745931,0.7175833333333334,,,6.706165876999876
1,174,0.8260375181833903,0.7075833333333333,,,6.703164004999053
1,175,0.8102796864509583,0.7105833333333333,,,6.7106092530011665
1,176,0.8159655389785767,0.7105416666666666,,,6.707733541001289
1,177,0.8104379588762919,0.7128333333333333,,,6.703964571001052
1,178,0.8066002241770427,0.7145833333333333,,,6.699215144000846
1,179,0.8133644714355469,0.7130833333333333,,,6.727573701000438
1,180,0.794686131477356,0.717,0.5009375,0.49610356270969935,7.71849690199997
1,181,0.7921886370976766,0.720375,,,6.721934056000464
1,182,0.795634616692861,0.717875,,,6.714475953998772
1,183,0.7912124546368917,0.7170416666666667,,,6.712522068999533
1,184,0.7748971773783366,0.721875,,,6.700658992000172
1,185,0.7824499800999959,0.7232916666666667,,,6.712011112000255
1,186,0.7780802175203959,0.7215833333333334,,,6.722199134999755
1,187,0.7729629494349162,0.7269166666666667,,,6.721237892999852
1,188,0.7666535692214966,0.729375,,,6.717111456999191
1,189,0.7726591517130534,0.727375,,,6.726194148001014
1,190,0.7620704016685486,0.7296666666666667,0.391875,0.3750527644885075,7.724637620000067
1,191,0.7650793307622273,0.7289583333333334,,,6.7052017569985765
1,192,0.7696106796264648,0.7259583333333334,,,6.708273088999704
1,193,0.7698095043500265,0.7259583333333334,,,6.710118803999649
1,194,0.7612879060109456,0.7300833333333333,,,6.710980734998884
1,195,0.7527203248341878,0.7329583333333334,,,6.710674577998361
1,196,0.7519138059616088,0.7372083333333334,,,6.709857337998983
1,197,0.7478048588434855,0.73425,,,6.715972978001446
1,198,0.7552428504625956,0.732,,,6.715153306000502
1,199,0.7578896681467692,0.7322916666666667,,,6.7137931029992615
1,200,0.7417977385520935,0.7376666666666667,0.4146875,0.40682025059898147,7.723623559999396
1,201,0.7341432110468546,0.7390833333333333,,,6.705289789000744
1,202,0.7389507077534994,0.7379166666666667,,,6.70911126700048
1,203,0.7412160526911418,0.7392083333333334,,,6.703040694001174
1,204,0.7298819802602132,0.742125,,,6.706458552000186
1,205,0.7430911682446798,0.7384583333333333,,,6.71051126599923
1,206,0.7354236296017964,0.74025,,,6.706091728001411
1,207,0.7067641081809998,0.7493333333333333,,,6.702798547999919
1,208,0.7302551941871643,0.7404583333333333,,,6.694463566000195
1,209,0.7150786364873251,0.7496666666666667,,,6.7035752089996095
1,210,0.7258971843719483,0.7405416666666667,0.4778125,0.46842521535918846,7.720089042000836
1,211,0.7325395213762919,0.7404166666666666,,,6.702172256998892
1,212,0.714810217221578,0.7464166666666666,,,6.703999108000062
1,213,0.7160150499343872,0.745625,,,6.696697302000757
1,214,0.702441193262736,0.7515,,,6.69990799200059
1,215,0.7008318589528402,0.7520833333333333,,,6.71533286399972
1,216,0.711452273050944,0.7489166666666667,,,6.720876908000719
1,217,0.710230559984843,0.7477916666666666,,,6.706009224999434
1,218,0.7125104705492655,0.7480833333333333,,,6.70510326799922
1,219,0.7034967365264893,0.7547083333333333,,,6.712841900000058
1,220,0.7065860748291015,0.747875,0.3809375,0.35275829867661035,7.709567890000471
1,221,0.701687289873759,0.7511666666666666,,,6.708713607000391
1,222,0.69390505250295,0.7540416666666667,,,6.708812127999408
1,223,0.6858750756581624,0.7582083333333334,,,6.704635844000222
1,224,0.693656658967336,0.7535416666666667,,,6.723713084000337
1,225,0.6919406992594401,0.75375,,,6.714402412999334
1,226,0.6909857964515687,0.7567916666666666,,,6.699495307000689
1,227,0.6901576280593872,0.75725,,,6.708475678999093
1,228,0.6722231297492981,0.762875,,,6.708034410999971
1,229,0.6786625027656555,0.759,,,6.703163318001316
1,230,0.6741594785054524,0.7604166666666666,0.37375,0.3647041939304036,7.713949441000295
1,231,0.6726585130691528,0.76525,,,6.709879891001037
1,232,0.6747837619781494,0.7625833333333333,,,6.7064187319992925
1,233,0.6790066442489624,0.7567083333333333,,,6.722721000000092
1,234,0.6625814512570699,0.7672083333333334,,,6.712601231998633
1,235,0.6824991100629171,0.76025,,,6.706199480000578
1,236,0.6696339979171753,0.76275,,,6.703757732000668
1,237,0.6680293057759603,0.76425,,,6.719006135999734
1,238,0.6628398276964823,0.7679166666666667,,,6.717832677999468
1,239,0.6654269558588664,0.7674583333333334,,,6.711550297999565
1,240,0.658348822593689,0.766625,0.451875,0.4344922918218595,7.7203387879999354
1,241,0.6543109836578369,0.769375,,,6.717923273001361
1,242,0.6550251307487488,0.768,,,6.714701660999708
1,243,0.644404220422109,0.7740416666666666,,,6.706426813001599
1,244,0.643044364452362,0.7728333333333334,,,6.709170127000107
1,245,0.6574568297068278,0.7698333333333334,,,6.719869186001233
1,246,0.6420752501487732,0.7739166666666667,,,6.716737831000501
1,247,0.6450639969507853,0.7732916666666667,,,6.722438232000059
1,248,0.6449850347836812,0.7722916666666667,,,6.728297834999466
1,249,0.6461071184476217,0.7699583333333333,,,6.710751123000591
1,250,0.6377589769363403,0.7727916666666667,0.3225,0.285478556427322,7.713664013001107
1,251,0.6349196248054504,0.7748333333333334,,,6.724319568998908
1,252,0.6465171224276225,0.7702083333333334,,,6.738392568000563
1,253,0.6328186651865642,0.7750416666666666,,,6.731887735000782
1,254,0.6388961097399394,0.7765833333333333,,,6.7166678230005346
1,255,0.6389955984751383,0.7733333333333333,,,6.716760137000165
1,256,0.6301626960436503,0.7789583333333333,,,6.716417889998411
1,257,0.6244351213773092,0.776375,,,6.725774348000414
1,258,0.6266636780103048,0.7793333333333333,,,6.71499080600006
1,259,0.6367596144676209,0.7748333333333334,,,6.724537377998786
1,260,0.6149436384836833,0.784375,0.418125,0.4077499548108385,7.744881893999263
1,261,0.6225464394887288,0.7765,,,6.70976419300132
1,262,0.6199945513407389,0.783875,,,6.716951935999532
1,263,0.6252119224866232,0.780375,,,6.722506128000532
1,264,0.6216213610967001,0.7805,,,6.709572648000176
1,265,0.610132790406545,0.7834583333333334,,,6.749253223000778
1,266,0.6081722650527954,0.7867916666666667,,,6.724598680000781
1,267,0.6037327995300293,0.7885,,,6.736456063999867
1,268,0.6082237874666849,0.78675,,,6.725518765999368
1,269,0.604754020690918,0.789625,,,6.722809011998834
1,270,0.6042966054280599,0.7875416666666667,0.4346875,0.4100349815854455,7.7379574030001095
1,271,0.6089525225957235,0.783,,,6.719130031000532
1,272,0.6082054085731506,0.785,,,6.712796429999798
1,273,0.6051670626004537,0.7885833333333333,,,6.713777172999471
1,274,0.592149336496989,0.7932083333333333,,,6.72064947599938
1,275,0.5950680057207743,0.7935416666666667,,,6.703950129000077
1,276,0.5903130989074707,0.79225,,,6.716000754999186
1,277,0.5916321177482605,0.7927083333333333,,,6.729017661999023
1,278,0.5993649751345317,0.7864166666666667,,,6.727223806001348
1,279,0.5836409125328064,0.7942916666666666,,,6.711626292000801
1,280,0.6007790417671204,0.7906666666666666,0.4053125,0.3864312660433078,7.715330197001094
1,281,0.5817052607536316,0.7967916666666667,,,6.711905161000686
1,282,0.5919516965548197,0.79375,,,6.7015592209991155
1,283,0.5792110284169515,0.796625,,,6.715886703999786
1,284,0.5905009665489197,0.7900833333333334,,,6.703667084000699
1,285,0.5848040205637614,0.794875,,,6.709027607999815
1,286,0.5700504652659099,0.7992083333333333,,,6.716817311000341
1,287,0.5660710660616557,0.7986666666666666,,,6.721427920001588
1,288,0.5762672773996989,0.797875,,,6.711230342998533
1,289,0.5806276246706644,0.7949583333333333,,,6.705201644999761
1,290,0.562605570157369,0.801,0.45,0.4425111442287356,7.757877695999923
1,291,0.5777030928929647,0.79775,,,6.721078500000658
1,292,0.5706970001856486,0.8000416666666667,,,6.719944390000819
1,293,0.5693093806902567,0.7999166666666667,,,6.703482920998795
1,294,0.5576161880493165,0.8046666666666666,,,6.728407384000093
1,295,0.5708515151341756,0.797625,,,6.717549793000217
1,296,0.5709530320167542,0.8010416666666667,,,6.707730666999851
1,297,0.5711671500205994,0.7987916666666667,,,6.704043208999792
1,298,0.5590903215408325,0.8030833333333334,,,6.704814020000413
1,299,0.5574064949353535,0.803625,,,6.702845637000792
1,300,0.5645172907511393,0.802125,0.4303125,0.41803210281671194,7.709452303999569
1,301,0.5610241555372874,0.804,,,6.715722389000803
1,302,0.5636877981821696,0.7997083333333334,,,6.708399187999021
1,303,0.560830327351888,0.801125,,,6.711206101999778
1,304,0.5535137403806051,0.8045416666666667,,,6.714372006999838
1,305,0.5561943600972493,0.8045416666666667,,,6.724066503000358
1,306,0.5474136141141256,0.809,,,6.713749905000441
1,307,0.5491068032582601,0.8070416666666667,,,6.701319173998854
1,308,0.5437361992200216,0.8078333333333333,,,6.708349137999903
1,309,0.5650234325726827,0.7997083333333334,,,6.7130952600000455
1,310,0.5487127601305644,0.809375,0.5375,0.5340396345890983,7.702763747000063
1,311,0.5459165779749552,0.806625,,,6.712941671999943
1,312,0.5361581619580587,0.8098333333333333,,,6.717369457999666
1,313,0.5500829275449117,0.8077083333333334,,,6.713052220999089
1,314,0.5400163621902466,0.8082916666666666,,,6.714114246000463
1,315,0.548455541451772,0.808,,,6.706205435999436
1,316,0.5412252187728882,0.8094583333333333,,,6.711298661999535
1,317,0.5440223080317179,0.8079583333333333,,,6.722292165999534
1,318,0.5263385611375173,0.8145,,,6.711691197000619
1,319,0.5303761105537415,0.8132916666666666,,,6.7118679489994975
1,320,0.5305123051007589,0.8134166666666667,0.69875,0.6994254576579239,7.731072394999501
1,321,0.5327714614868164,0.81125,,,6.731673025999044
1,322,0.5320527710914612,0.814,,,6.71868866099976
1,323,0.528257888952891,0.8164166666666667,,,6.706719152000005
1,324,0.5306717557907105,0.8140416666666667,,,6.717280537999613
1,325,0.5234006516138713,0.8188333333333333,,,6.706544174001465
1,326,0.5367924650510152,0.8119166666666666,,,6.709871970999302
1,327,0.5258581544558207,0.8157916666666667,,,6.724348203000773
1,328,0.5279193336168925,0.8137083333333334,,,6.713681729999735
1,329,0.5193987213770549,0.817125,,,6.721133224998994
1,330,0.5283826624552409,0.812625,0.5378125,0.5334920774257088,7.725287269000546
1,331,0.5148789327939352,0.8212916666666666,,,6.706667360998836
1,332,0.5220148830413819,0.8154583333333333,,,6.713556994998726
1,333,0.5165267904599508,0.820625,,,6.728786550000223
1,334,0.5204825083414714,0.8171666666666667,,,6.745146438001029
1,335,0.5107972563107809,0.8185,,,6.732597259999238
1,336,0.5265820762316386,0.8141666666666667,,,6.72535853699992
1,337,0.5136044305960338,0.8212083333333333,,,6.719265288000315
1,338,0.5263203786214192,0.81425,,,6.716925606999212
1,339,0.5031801921526591,0.8258333333333333,,,6.729632196998864
1,340,0.49952982711791993,0.8240416666666667,0.7996875,0.7999557908688589,7.731429572000707
1,341,0.5019491902987162,0.8233333333333334,,,6.71605071400154
1,342,0.5015384092330932,0.8250833333333333,,,6.729695279000225
1,343,0.5015751042366028,0.8233333333333334,,,6.727669773001253
1,344,0.499872562567393,0.8268333333333333,,,6.725798489998851
1,345,0.5015914038022359,0.820625,,,6.726660841999546
1,346,0.49033439175287885,0.8269166666666666,,,6.716372070999569
1,347,0.49573759603500367,0.8261666666666667,,,6.723980709999523
1,348,0.5003543874422709,0.8274166666666667,,,6.718529644000228
1,349,0.499598903020223,0.8244166666666667,,,6.724282932000278
1,350,0.4949599846204122,0.8264166666666667,0.525625,0.5139826140397104,7.759127377001278
1,351,0.4967716615994771,0.8267916666666667,,,6.717995640001391
1,352,0.4856029577255249,0.829375,,,6.721334902000308
1,353,0.4844139663378398,0.8307916666666667,,,6.709663427000123
1,354,0.4932498617172241,0.8273333333333334,,,6.71766848200059
1,355,0.48575472402572634,0.8275416666666666,,,6.720846321000863
1,356,0.4856773610115051,0.831625,,,6.719632109001395
1,357,0.499346710840861,0.8238333333333333,,,6.72919343600006
1,358,0.4940863639513651,0.8262916666666666,,,6.72021571500045
1,359,0.4874263087113698,0.8275833333333333,,,6.719320707999941
1,360,0.4827163348197937,0.8301666666666667,0.7084375,0.7089645707849528,7.745043942999473
1,361,0.4793701894283295,0.8306666666666667,,,6.723527403999469
1,362,0.47341324742635094,0.836875,,,6.719955093001772
1,363,0.4868297921816508,0.829875,,,6.72650151200105
1,364,0.49189984345436094,0.829625,,,6.711900684998909
1,365,0.48339606873194374,0.828875,,,6.7264861410003505
1,366,0.4823750562667847,0.8299583333333334,,,6.719749095000225
1,367,0.4768173238436381,0.8328333333333333,,,6.725114606000716
1,368,0.47825414037704467,0.830375,,,6.719489360000807
1,369,0.4864527452786763,0.825125,,,6.71754020499975
1,370,0.48012457744280496,0.8309166666666666,0.50125,0.4872095156712706,7.772064769000281
1,371,0.4806396023432414,0.8294583333333333,,,6.714451017000101
1,372,0.4767540265719096,0.8352083333333333,,,6.7011890719986695
1,373,0.468442360719045,0.838,,,6.702434921999156
1,374,0.4857000940640767,0.8305,,,6.71562123700096
1,375,0.46662859694163006,0.83525,,,6.724749621000228
1,376,0.45121595017115274,0.842875,,,6.71747280999989
1,377,0.47455179341634113,0.8347083333333334,,,6.721077729998797
1,378,0.4637771151860555,0.8371666666666666,,,6.707846659999632
1,379,0.4792910288174947,0.8315833333333333,,,6.718267882999498
1,380,0.47015233675638834,0.8372083333333333,0.7740625,0.773951822574138,7.751352916000542
1,381,0.4636661882400513,0.8347083333333334,,,6.725330739000128
1,382,0.458129710038503,0.840375,,,6.721009935999973
1,383,0.4623049766222636,0.834625,,,6.71493445699889
1,384,0.46721388896306354,0.8375,,,6.713491038999564
1,385,0.4526057187716166,0.843125,,,6.710638792001191
1,386,0.46377549997965495,0.835375,,,6.698596246998932
1,387,0.46285048055648803,0.8373333333333334,,,6.722260129999995
1,388,0.4612126989364624,0.840625,,,6.716279456999473
1,389,0.4567536376317342,0.8384166666666667,,,6.712733597998522
1,390,0.45136569293340045,0.840625,0.5759375,0.5732984473127352,7.724365664000288
1,391,0.46042231512069703,0.83775,,,6.729584692999197
1,392,0.4483496643702189,0.8417916666666667,,,6.730420617999698
1,393,0.461545371055603,0.8420833333333333,,,6.723162614000103
1,394,0.4515242773691813,0.8374583333333333,,,6.7153336239989585
1,395,0.44439985903104146,0.8453333333333334,,,6.716158604000157
1,396,0.446889635403951,0.8435416666666666,,,6.713430036001228
1,397,0.440706214427948,0.8447083333333333,,,6.70633598600034
1,398,0.45359449672698976,0.84025,,,6.709957452998424
1,399,0.4502249239285787,0.8408333333333333,,,6.708951178999996
1,400,0.4509861322244008,0.8423333333333334,0.5703125,0.5685990833692844,7.721090147999348
1,401,0.4493596339225769,0.8405416666666666,,,6.713000014999125
1,402,0.44225292301177976,0.8412916666666667,,,6.701439910000772
1,403,0.43719988091786705,0.8467916666666667,,,6.699694928000099
1,404,0.4645293497244517,0.8406666666666667,,,6.700385763000668
1,405,0.44355775419871013,0.8419166666666666,,,6.709390427999097
1,406,0.4365027405420939,0.847875,,,6.716802987999472
1,407,0.441203991095225,0.848125,,,6.705827607000174
1,408,0.4404760799407959,0.8432083333333333,,,6.714272995999636
1,409,0.4425366932551066,0.843625,,,6.711379049998868
1,410,0.43791326554616294,0.846625,0.698125,0.69568966287842,7.7141628970002785
1,411,0.43457029382387796,0.848625,,,6.715081721999013
1,412,0.43644037262598673,0.8487083333333333,,,6.7129082800001925
1,413,0.4288691725730896,0.8462916666666667,,,6.709771615000136
1,414,0.42391666062672934,0.8521666666666666,,,6.70516027299891
1,415,0.4265882469813029,0.8510833333333333,,,6.713200461001179
1,416,0.4475694489479065,0.8410833333333333,,,6.712112659000923
1,417,0.4351158033212026,0.8455416666666666,,,6.7146967190001305
1,418,0.4311922568480174,0.8472916666666667,,,6.726375013999132
1,419,0.42598446424802144,0.85125,,,6.724030112000037
1,420,0.4301097230116526,0.8495416666666666,0.6275,0.6236940642248161,7.716028019000078
1,421,0.41749710432688397,0.856,,,6.710849803999736
1,422,0.4277619880040487,0.8493333333333334,,,6.698795338999844
1,423,0.4281933207511902,0.8485,,,6.702896577999127
1,424,0.4329850262006124,0.8472916666666667,,,6.702666675999353
1,425,0.42244097677866616,0.8536666666666667,,,6.706921601000431
1,426,0.43288235012690224,0.8489583333333334,,,6.710415952000403
1,427,0.4267599147160848,0.8503333333333334,,,6.714986348000821
1,428,0.42260010743141174,0.8534166666666667,,,6.702526717001092
1,429,0.41903540992736815,0.8527916666666666,,,6.699199941000188
1,430,0.4193568890889486,0.8530416666666667,0.375625,0.3452105221489271,7.725984579999931
1,431,0.4120252715746562,0.8569166666666667,,,6.722223578999547
1,432,0.41712643098831176,0.8528333333333333,,,6.7026869660003285
1,433,0.4190609585444133,0.8527083333333333,,,6.717283286001475
1,434,0.40628221225738526,0.85675,,,6.693805199000053
1,435,0.42223955965042115,0.8504166666666667,,,6.717563219999647
1,436,0.40922570021947224,0.856,,,6.711765930000183
1,437,0.4064148156642914,0.856375,,,6.715980691000368
1,438,0.4157279260158539,0.8550833333333333,,,6.709330184999999
1,439,0.4068012181917826,0.855875,,,6.705789758998435
1,440,0.4042773331006368,0.859375,0.5853125,0.5818601798554757,7.7227111920001335
1,441,0.39749707412719726,0.8627083333333333,,,6.723176206000062
1,442,0.4132912471294403,0.8555833333333334,,,6.714695286000278
1,443,0.4028959191640218,0.8597083333333333,,,6.7094985299991095
1,444,0.40983490252494814,0.8577916666666666,,,6.7163718640003935
1,445,0.42229823795954385,0.854625,,,6.709327442000358
1,446,0.40187354683876036,0.8566666666666667,,,6.712514475999342
1,447,0.4011799902121226,0.859125,,,6.715293801000371
1,448,0.4129439683755239,0.857625,,,6.710891044000164
1,449,0.39962693643569946,0.859875,,,6.717573355999775
1,450,0.3998267090320587,0.8579583333333334,0.3890625,0.3668087841030333,7.747922996000852
1,451,0.3973861599763234,0.8609583333333334,,,6.719373477000772
1,452,0.4094448668162028,0.8545,,,6.720045731000937
1,453,0.39695501550038653,0.86025,,,6.728648266000164
1,454,0.40591432809829714,0.8557083333333333,,,6.706908444000874
1,455,0.39852399269739786,0.86025,,,6.708036199999697
1,456,0.4073360726038615,0.8567083333333333,,,6.703140464000171
1,457,0.3960249381860097,0.8602083333333334,,,6.70871710100073
1,458,0.4017005457878113,0.858125,,,6.722892370999034
1,459,0.39628495971361793,0.8610416666666667,,,6.712062947000959
1,460,0.40472190006573994,0.85775,0.5821875,0.5820746721281982,7.721662100000685
1,461,0.3918260775407155,0.8622083333333334,,,6.697037999998429
1,462,0.38503306786219277,0.86425,,,6.726001439999891
1,463,0.398413050810496,0.86025,,,6.720556944001146
1,464,0.3921950061321259,0.859375,,,6.713424538000254
1,465,0.38904077498118084,0.8642083333333334,,,6.71850338799959
1,466,0.38778493054707847,0.864625,,,6.709567337000408
1,467,0.3901140677928925,0.86475,,,6.726636290999522
1,468,0.3761715141137441,0.86725,,,6.7421549160008
1,469,0.38438078355789185,0.8656666666666667,,,6.715069249999942
1,470,0.38828697737058004,0.8633333333333333,0.6096875,0.6067096305079767,7.743996780000089
1,471,0.3855758380095164,0.8630833333333333,,,6.720315126998685
1,472,0.38412612398465473,0.865125,,,6.7161001859985845
1,473,0.3826373820304871,0.8645833333333334,,,6.7100069589996565
1,474,0.3877563279469808,0.8639166666666667,,,6.712905256999875
1,475,0.3808870011965434,0.8667083333333333,,,6.704396752000321
1,476,0.39087099130948383,0.8628333333333333,,,6.713529671000288
1,477,0.37651484338442487,0.8668333333333333,,,6.731968129000961
1,478,0.38758333841959636,0.8622916666666667,,,6.717207608999161
1,479,0.3800581916173299,0.866625,,,6.72107838500051
1,480,0.38066600330670675,0.866375,0.66625,0.6631195664488845,7.718825494999692
1,481,0.3803358116944631,0.8664166666666666,,,6.752265908000481
1,482,0.38209418241182963,0.864875,,,6.718220669999937
1,483,0.3807624797821045,0.8675,,,6.7100089470004605
1,484,0.36601424797376,0.87075,,,6.707387497999662
1,485,0.37974927043914797,0.8651666666666666,,,6.7081497959989065
1,486,0.38895853463808694,0.86475,,,6.71592822599996
1,487,0.38403420583407083,0.8665833333333334,,,6.715595723999286
1,488,0.39148109523455304,0.8624166666666667,,,6.720583936001276
1,489,0.3700598047574361,0.8705416666666667,,,6.711141976000363
1,490,0.37024566769599915,0.86975,0.5071875,0.5011883126872099,7.7413793910000095
1,491,0.362294651110967,0.8728333333333333,,,6.734541670999533
1,492,0.375143616994222,0.866625,,,6.726545055000315
1,493,0.368165270725886,0.868875,,,6.725541006999265
1,494,0.36243231693903605,0.8751666666666666,,,6.721591284998794
1,495,0.37454564054807027,0.869375,,,6.727487227000893
1,496,0.3778009436925252,0.8674166666666666,,,6.721907081000609
1,497,0.3664484910964966,0.87175,,,6.73253034300069
1,498,0.36874355586369834,0.8705833333333334,,,6.708251445999849
1,499,0.36822288274765014,0.8689583333333334,,,6.729012190000503
1,500,0.37229065696398417,0.8704166666666666,0.38125,0.36008132824599404,7.734692617999826
1,501,0.36379328767458596,0.8697083333333333,,,6.721960662000129
1,502,0.3731460645198822,0.8689166666666667,,,6.726270373001171
1,503,0.3656923666000366,0.8719166666666667,,,6.715524216000631
1,504,0.36574174944559734,0.87275,,,6.715343642999869
1,505,0.36534663105010984,0.8708333333333333,,,6.703634002000399
1,506,0.3628678726355235,0.8711666666666666,,,6.721566508000251
1,507,0.35910057242711385,0.8723333333333333,,,6.710265353000068
1,508,0.36141981252034505,0.8741666666666666,,,6.725951347001683
1,509,0.37174172631899516,0.8674166666666666,,,6.7241418099984
1,510,0.3491958537101746,0.8782083333333334,0.5446875,0.5382326936974448,7.756084593000196
1,511,0.3485798936684926,0.8782083333333334,,,6.718332218000796
1,512,0.3555786181290944,0.8746666666666667,,,6.7249767710000015
1,513,0.3677535520394643,0.8709166666666667,,,6.717672390999724
1,514,0.3601008354028066,0.8740833333333333,,,6.7327894089994516
1,515,0.36023211979866027,0.8745416666666667,,,6.721453402999032
1,516,0.3483941904703776,0.8779583333333333,,,6.714904495000155
1,517,0.34644224905967713,0.8787916666666666,,,6.7172670970012405
1,518,0.35668930983543395,0.873875,,,6.710616890999518
1,519,0.3621942661603292,0.8721666666666666,,,6.724019221001072
1,520,0.3610822968482971,0.8701666666666666,0.5434375,0.541371044882308,7.755342132999431
1,521,0.34495685108502705,0.8796666666666667,,,6.711463322000782
1,522,0.35213078864415487,0.8777083333333333,,,6.7112685369993414
1,523,0.3563694908618927,0.8748333333333334,,,6.724244078999618
1,524,0.3486052906513214,0.876625,,,6.717058320999058
1,525,0.3503289443651835,0.8778333333333334,,,6.716435329000888
1,526,0.3503714400927226,0.8751666666666666,,,6.709899604999009
1,527,0.34604644735654194,0.8794583333333333,,,6.702396635000696
1,528,0.3454018209775289,0.8797083333333333,,,6.707810252999479
1,529,0.3402119716803233,0.88075,,,6.708733067000139
1,530,0.3537717167536418,0.875625,0.42375,0.4186361171137962,7.713638491999518
1,531,0.36076954038937886,0.8712916666666667,,,6.721156644000075
1,532,0.34240644637743634,0.8806666666666667,,,6.735750974001348
1,533,0.34969054532051086,0.8753333333333333,,,6.729588333999345
1,534,0.35464437524477643,0.8745416666666667,,,6.720167885998308
1,535,0.35248658537864686,0.8738333333333334,,,6.740458668000429
1,536,0.34419115765889485,0.8788333333333334,,,6.742781902999923
1,537,0.35004526789983115,0.8743333333333333,,,6.725687007001397
1,538,0.3332800142765045,0.8837916666666666,,,6.715118123000138
1,539,0.3353802354335785,0.8836666666666667,,,6.720585448998463
1,540,0.3370856495698293,0.8815,0.396875,0.3780407334482637,7.7399136310014
1,541,0.3480099763870239,0.8762916666666667,,,6.73169496599985
1,542,0.34578352959950764,0.879125,,,6.718906905998665
1,543,0.3314870038032532,0.886625,,,6.716504021998844
1,544,0.3298915040493011,0.8848333333333334,,,6.718454276999182
1,545,0.3320788681507111,0.88325,,,6.725104253999234
1,546,0.3388209828535716,0.8802916666666667,,,6.722854220999579
1,547,0.3400179719130198,0.880125,,,6.730209593000836
1,548,0.330425398349762,0.8832083333333334,,,6.719697689999521
1,549,0.34219608426094056,0.8787083333333333,,,6.707842825999251
1,550,0.3404929530620575,0.8797916666666666,0.4353125,0.4221748426814509,7.743576996999764
1,551,0.3253893703619639,0.887625,,,6.724045603999912
1,552,0.3309535547097524,0.88175,,,6.7124416129991005
1,553,0.32977500740687055,0.8845833333333334,,,6.72083921400008
1,554,0.32542548314730324,0.8850833333333333,,,6.7267540829998325
1,555,0.33154476483662926,0.8849166666666667,,,6.729293213998972
1,556,0.3244301431179047,0.886,,,6.727711847999672
1,557,0.33513409996032717,0.88025,,,6.737514114998703
1,558,0.325974924882253,0.8862083333333334,,,6.7284003919994575
1,559,0.3351796840031942,0.8823333333333333,,,6.7297745880005095
1,560,0.3210071003437042,0.8895,0.499375,0.48660338037599526,7.720489856999848
1,561,0.327857257604599,0.8854166666666666,,,6.709719435999432
1,562,0.3165677018960317,0.8910416666666666,,,6.707984964999923
1,563,0.32864252289136253,0.8855833333333333,,,6.713914267000291
1,564,0.3242348483403524,0.8835416666666667,,,6.710354361999634
1,565,0.31852122211456296,0.8877083333333333,,,6.7146769409991975
1,566,0.32707945672671,0.8824166666666666,,,6.702961117000086
1,567,0.3300518029530843,0.885125,,,6.735509682999691
1,568,0.31609363269805907,0.8904166666666666,,,6.719911707999927
1,569,0.3198274779319763,0.8877916666666666,,,6.707318460999886
1,570,0.31715875577926633,0.8897083333333333,0.5628125,0.5609477867808716,7.727426051000293
1,571,0.32063774808247886,0.8861666666666667,,,6.711486012000023
1,572,0.3222473568121592,0.8864166666666666,,,6.711796048999531
1,573,0.3391766275564829,0.8816666666666667,,,6.720167929999661
1,574,0.3166884575684865,0.8890833333333333,,,6.722894590000578
1,575,0.3163195641040802,0.8909166666666667,,,6.711484109000594
1,576,0.32291235876083374,0.8883333333333333,,,6.728720203000194
1,577,0.32533622614542645,0.885875,,,6.723216944999876
1,578,0.31987610149383544,0.8905416666666667,,,6.725128857999152
1,579,0.3068410100142161,0.8894166666666666,,,6.722047022998595
1,580,0.320295424858729,0.8866666666666667,0.6103125,0.607032198035044,7.726747705999514
1,581,0.31059799234072366,0.8895,,,6.707998075999058
1,582,0.32265789715449017,0.8848333333333334,,,6.712911791000806
1,583,0.3158693630695343,0.88925,,,6.710460149999562
1,584,0.3198409950733185,0.8898333333333334,,,6.709676393000336
1,585,0.31927773070335386,0.88725,,,6.713723138000205
1,586,0.3152544293403626,0.8878333333333334,,,6.713993880999624
1,587,0.3202482232650121,0.8889583333333333,,,6.716368095001599
1,588,0.3154083882967631,0.8893333333333333,,,6.718217563000508
1,589,0.3224089070955912,0.8860833333333333,,,6.7184352000003855
1,590,0.3058849620024363,0.8928333333333334,0.52875,0.5218309934297648,7.762666668999373
1,591,0.30843792494138084,0.8946666666666667,,,6.72886653400019
1,592,0.31184995675086974,0.889375,,,6.722577406999335
1,593,0.30442073198159536,0.893,,,6.974992990000828
1,594,0.30665734187761945,0.8924166666666666,,,6.750501288999658
1,595,0.3116956347624461,0.8897916666666666,,,6.725382992000959
1,596,0.31103737497329714,0.8905,,,6.717554609000217
1,597,0.30719747312863666,0.8922083333333334,,,6.722247604000586
1,598,0.3124764603773753,0.8895,,,6.715474192000329
1,599,0.30795103891690573,0.8915833333333333,,,6.721111058001043
1,600,0.31900896350542707,0.8875416666666667,0.6,0.5948682943021435,7.732914869000524
1,601,0.3137132788499196,0.8919583333333333,,,6.722261978999086
1,602,0.31085560723145805,0.8897083333333333,,,6.732813802998862
1,603,0.3234298188686371,0.8865,,,6.7472768839998025
1,604,0.2905881319840749,0.8981666666666667,,,6.725689942000827
1,605,0.3066245248317718,0.8931666666666667,,,6.72786097000062
1,606,0.3222971742153168,0.8887083333333333,,,6.711093353000251
1,607,0.3002453161875407,0.8948333333333334,,,6.711865911998757
1,608,0.3085587493578593,0.8912916666666667,,,6.708141183000407
1,609,0.2998409447669983,0.8927916666666667,,,6.709781057999862
1,610,0.3013128015995026,0.8945,0.6334375,0.6348318910673632,7.738276204001522
1,611,0.30738978830973307,0.891375,,,6.7174810109991085
1,612,0.31133953960736593,0.8899166666666667,,,6.715854549998767
1,613,0.2997238649527232,0.8955,,,6.702890402999401
1,614,0.3081609397729238,0.8899583333333333,,,6.699158778999845
1,615,0.30162787381807965,0.8935,,,6.709768443999565
1,616,0.28489355770746866,0.9009166666666667,,,6.699835183000687
1,617,0.2916638704140981,0.8985833333333333,,,6.719194048000645
1,618,0.3012064107259115,0.892625,,,6.7197314410004765
1,619,0.3120430959860484,0.8903333333333333,,,6.713202519000333
1,620,0.29494347206751503,0.8952083333333334,0.5028125,0.4995430132294228,7.7419396019995474
1,621,0.2987592681646347,0.8953333333333333,,,6.707093551000071
1,622,0.30010249447822573,0.8955416666666667,,,6.704602365000028
1,623,0.29641777284940085,0.8942083333333334,,,6.702658359999987
1,624,0.3023359915415446,0.8958333333333334,,,6.706875531999685
1,625,0.29256052096684776,0.8952916666666667,,,6.707204220001586
1,626,0.291935121456782,0.8955,,,6.698987454999951
1,627,0.2942873210906982,0.8974583333333334,,,6.70846326299943
1,628,0.2948503471215566,0.8954166666666666,,,6.726350544000525
1,629,0.3010565686225891,0.895125,,,6.71473893700022
1,630,0.30095376245180766,0.8950833333333333,0.555,0.5504376119349121,7.715361357999427
1,631,0.3014202059904734,0.8948333333333334,,,6.709160026999598
1,632,0.2800558031400045,0.9030416666666666,,,6.711091267998199
1,633,0.2836341111262639,0.8999166666666667,,,6.7109235230000195
1,634,0.2898794097105662,0.8967916666666667,,,6.717488752999998
1,635,0.28691044330596926,0.9001666666666667,,,6.709025709000343
1,636,0.2845540130933126,0.8997083333333333,,,6.711627609000061
1,637,0.2855606552759806,0.8995416666666667,,,6.722193805999268
1,638,0.28634745319684346,0.8987083333333333,,,6.7303691300003265
1,639,0.29008333865801494,0.8982916666666667,,,6.722816128998602
1,640,0.29558207535743714,0.897625,0.6915625,0.689217365285442,7.722456822000822
1,641,0.2850412587324778,0.8984583333333334,,,6.7159980479991646
1,642,0.2868049320379893,0.898875,,,6.7144929749993025
1,643,0.2830836453437805,0.9015833333333333,,,6.715577856999516
1,644,0.27753732093175254,0.9044166666666666,,,6.715372823000507
1,645,0.2876359161535899,0.90025,,,6.718001023000397
1,646,0.28168654878934224,0.9011666666666667,,,6.708651814000405
1,647,0.2927325921058655,0.8960416666666666,,,6.716109592000066
1,648,0.27423051357269285,0.9053333333333333,,,6.706393062000643
1,649,0.27832902963956196,0.902,,,6.709594854999523
1,650,0.2817925055027008,0.900125,0.62,0.6135183712650677,7.732920293001371
1,651,0.2870059293111165,0.8957083333333333,,,6.716882347000137
1,652,0.2828379296461741,0.9017916666666667,,,6.70962223099923
1,653,0.28185889824231464,0.8992083333333334,,,6.7130015840011765
1,654,0.289611456155777,0.8990416666666666,,,6.716828431000977
1,655,0.2952297221024831,0.8974166666666666,,,6.7225882160000765
1,656,0.2797756235599518,0.9019166666666667,,,6.711093444000653
1,657,0.28100883030891416,0.9024166666666666,,,6.722926051999821
1,658,0.2856356896559397,0.8989583333333333,,,6.728377114000978
1,659,0.2851342359383901,0.902875,,,6.720774706998782
1,660,0.27310193149248757,0.903875,0.7090625,0.7074242140397989,7.72420615900046
1,661,0.2728241864045461,0.907375,,,6.722197610000876
1,662,0.2797830128669739,0.902,,,6.701584417998674
1,663,0.2760583577156067,0.904875,,,6.703053954999632
1,664,0.27478711716334026,0.903,,,6.720731359000638
1,665,0.27542279235521955,0.9041666666666667,,,6.7154638250012795
1,666,0.2823604823748271,0.9045833333333333,,,6.712647833999654
1,667,0.2802481586933136,0.90025,,,6.713928395000039
1,668,0.27610261797904967,0.9034583333333334,,,6.715809662000538
1,669,0.28045867188771567,0.900875,,,6.7073239500005
1,670,0.2661037367184957,0.9081666666666667,0.695,0.6940506387566103,7.7213538239993795
1,671,0.2757224493821462,0.9042916666666667,,,6.713002545000563
1,672,0.26387903734048207,0.9100416666666666,,,6.724963991999175
1,673,0.2913956472873688,0.8967083333333333,,,6.733964693001326
1,674,0.2740647477308909,0.9048333333333334,,,6.710334553999928
1,675,0.26790676065286,0.9065416666666667,,,6.716530379000687
1,676,0.26641385606924695,0.906625,,,6.7018784529991535
1,677,0.2746221860249837,0.9042083333333333,,,6.7230984840007295
1,678,0.26896644922097523,0.9076666666666666,,,6.7233695599989005
1,679,0.27122992563247683,0.9040833333333333,,,6.71808170300028
1,680,0.2667012190024058,0.906625,0.7278125,0.7261382111197227,7.737391824999577
1,681,0.26956094257036844,0.9039583333333333,,,6.725999533999129
1,682,0.2688022421995799,0.9050833333333334,,,6.723830001001261
1,683,0.2718778585592906,0.90375,,,6.720915054000216
1,684,0.273517809788386,0.905875,,,6.719850046998545
1,685,0.26514181272188825,0.9075,,,6.721540315000311
1,686,0.28277168663342794,0.901875,,,6.7132887769985246
1,687,0.26076292991638184,0.9087916666666667,,,6.718471195999882
1,688,0.27193105697631836,0.903,,,6.715829681999821
1,689,0.2604762426217397,0.9092916666666667,,,6.7118591010003
1,690,0.2667772681713104,0.90675,0.4496875,0.44085911542209005,7.764177429000483
1,691,0.25389383776982627,0.912125,,,6.734377107999535
1,692,0.26612979459762576,0.908375,,,6.721727858999657
1,693,0.2673692399263382,0.906375,,,6.72301832499943
1,694,0.2672837059100469,0.9085416666666667,,,6.706478903999596
1,695,0.2597391672929128,0.91025,,,6.7206839569989825
1,696,0.26339634188016253,0.9080416666666666,,,6.706271491000734
1,697,0.26532753149668376,0.9065416666666667,,,6.716856686000028
1,698,0.26364394958813986,0.9084583333333334,,,6.724477558000217
1,699,0.2649029377301534,0.9092916666666667,,,6.7266808670010505
1,700,0.26388557807604474,0.9049166666666667,0.6121875,0.6032806317377991,7.744453366000016
1,701,0.2597956571181615,0.9099583333333333,,,6.705325165001341
1,702,0.2530742712020874,0.9104583333333334,,,6.704814781998721
1,703,0.25772498301664987,0.90775,,,6.703714547000345
1,704,0.26221399585405986,0.908125,,,6.7111717500010855
1,705,0.2536478143533071,0.9099583333333333,,,6.71239876799882
1,706,0.24927019611994425,0.9135833333333333,,,6.703737542999079
1,707,0.25098732141653696,0.9107916666666667,,,6.709688468999957
1,708,0.2615985552867254,0.907625,,,6.743685825000284
1,709,0.2510203963915507,0.9128333333333334,,,6.741302424001333
1,710,0.2560453921159109,0.91025,0.554375,0.5458748992017438,7.731768815998294
1,711,0.25116611886024476,0.911125,,,6.725728461999097
1,712,0.2627222527662913,0.9068333333333334,,,6.729862296999272
1,713,0.2610580451488495,0.9078333333333334,,,6.712634393999906
1,714,0.25993425587813057,0.9097083333333333,,,6.7076604689991655
1,715,0.2583695867856344,0.9098333333333334,,,6.727347528998507
1,716,0.2541388210455577,0.9097916666666667,,,6.726795648000916
1,717,0.26192731626828514,0.9070833333333334,,,6.720310509999763
1,718,0.2525153429508209,0.911625,,,6.7142520409997815
1,719,0.24693318263689676,0.9145,,,6.7113819340011105
1,720,0.2402650845050812,0.9167083333333333,0.5971875,0.5938812903329429,7.716508761999648
1,721,0.2656017209291458,0.9102916666666667,,,6.702095714999814
1,722,0.2509328934748967,0.9117916666666667,,,6.70165941400046
1,723,0.25356016850471497,0.9110416666666666,,,6.714354032999836
1,724,0.24816384434700012,0.9123333333333333,,,6.707844619999378
1,725,0.24869356568654377,0.913625,,,6.710740487998919
1,726,0.2510173405408859,0.912,,,6.719780508999975
1,727,0.25081040183703107,0.9122916666666666,,,6.721426809999684
1,728,0.2527143983046214,0.9123333333333333,,,6.716732368000521
1,729,0.25124863282839455,0.9125833333333333,,,6.7030343520000315
1,730,0.25556651123364765,0.9108333333333334,0.6459375,0.6437455961705872,7.720887732999472
1,731,0.24271010021368664,0.9141666666666667,,,6.706377111999245
1,732,0.2441096329689026,0.9165833333333333,,,6.718468799999755
1,733,0.2525796177387237,0.9117083333333333,,,6.707651398000962
1,734,0.2556472884019216,0.911375,,,6.704863896999086
1,735,0.24446278703212737,0.9117916666666667,,,6.715563196999938
1,736,0.23770184302330016,0.9161666666666667,,,6.711083939000673
1,737,0.24497594356536864,0.9147916666666667,,,6.726648384999862
1,738,0.24435431329409282,0.9125,,,6.719202619999123
1,739,0.24620440340042113,0.9146666666666666,,,6.720709766001164
1,740,0.2448690603574117,0.915875,0.5246875,0.5211227360335142,7.711162089000936
1,741,0.2412190596262614,0.9149583333333333,,,6.703975935999551
1,742,0.23868981512387594,0.9166666666666666,,,6.702481254000304
1,743,0.23563372206687927,0.9175416666666667,,,6.71183036200091
1,744,0.2358352975845337,0.918875,,,6.705544782000288
1,745,0.257127877553304,0.9085416666666667,,,6.706717587001549
1,746,0.25313940533002216,0.9109583333333333,,,6.703379049999057
1,747,0.24365777186552684,0.9140833333333334,,,6.704848376999507
1,748,0.2514287914832433,0.9146666666666666,,,6.700705658999141
1,749,0.23673717868328095,0.918625,,,6.7093518969995785
1,750,0.23915125600496928,0.9154166666666667,0.7353125,0.7352076481292066,7.717798690999189
1,751,0.23804296108086903,0.9155833333333333,,,6.724949151997862
1,752,0.24081119457880656,0.9170416666666666,,,6.732508668999799
1,753,0.24214982402324675,0.9147083333333333,,,6.70812820699939
1,754,0.24887323395411173,0.9127083333333333,,,6.710421509000298
1,755,0.24790964420636494,0.91225,,,6.727533420998952
1,756,0.23772612138589222,0.9169583333333333,,,6.726123538999673
1,757,0.24029722436269124,0.9158333333333334,,,6.718035029996827
1,758,0.2471545323530833,0.913,,,6.713702446002571
1,759,0.22740371044476826,0.9210416666666666,,,6.696982018002018
1,760,0.23277354935805003,0.919,0.62,0.6194707894882228,7.719019028998446
1,761,0.24271918217341104,0.9150833333333334,,,6.724639315998502
1,762,0.2349838760693868,0.9187916666666667,,,6.71224163199804
1,763,0.23837171526749928,0.9174583333333334,,,6.709783804999461
1,764,0.23218990882237753,0.9190416666666666,,,6.713890735001769
1,765,0.2385715176264445,0.91575,,,6.709141315001034
1,766,0.24054221868515013,0.9164583333333334,,,6.720231503997638
1,767,0.23891735378901163,0.9159583333333333,,,6.720517347999703
1,768,0.2411490246852239,0.9165416666666667,,,6.716076076001627
1,769,0.25151890710989633,0.911125,,,6.708103304998076
1,770,0.23940746247768402,0.9164583333333334,0.7340625,0.7330609189015529,7.745480462999694
1,771,0.23273053602377575,0.9184166666666667,,,6.727792270001373
1,772,0.23263962741692862,0.9191666666666667,,,6.720378546000575
1,773,0.2401438707113266,0.918,,,6.716596174999722
1,774,0.2390019198258718,0.91625,,,6.727882219001913
1,775,0.23378342088063558,0.916625,,,6.732590122999682
1,776,0.22517024079958597,0.9212083333333333,,,6.738599647000228
1,777,0.22974241352081298,0.9200833333333334,,,6.736382864000916
1,778,0.22859244807561238,0.9195,,,6.730682592999074
1,779,0.2352731960217158,0.9184166666666667,,,6.721068404996913
1,780,0.23977068547407787,0.9172083333333333,0.368125,0.3605921844920195,7.715777467001317
1,781,0.2338924034436544,0.9160833333333334,,,6.709447271001409
1,782,0.23131545837720235,0.9203333333333333,,,6.717305501999363
1,783,0.23686426957448323,0.9194166666666667,,,6.715385596999113
1,784,0.22509736347198486,0.9219583333333333,,,6.732617161000235
1,785,0.2314766976038615,0.919125,,,6.723244036998949
1,786,0.2314848342736562,0.9175416666666667,,,6.713670682998782
1,787,0.22859102344512938,0.9195,,,6.726673382003355
1,788,0.22302180031935373,0.921125,,,6.70571559200107
1,789,0.22610107855002085,0.9191666666666667,,,6.703947175999929
1,790,0.24360470684369406,0.9147083333333333,0.4575,0.4397927331096728,7.725077990999125
1,791,0.22613503118356068,0.921,,,6.706544094999117
1,792,0.22042075840632122,0.9215416666666667,,,6.70662416399864
1,793,0.22959209255377452,0.9205833333333333,,,6.710156757999357
1,794,0.2385859629313151,0.915,,,6.705809603998205
1,795,0.22574729988972345,0.9199166666666667,,,6.719071700001223
1,796,0.2225857032140096,0.920625,,,6.731170850001945
1,797,0.22982741137345633,0.9192083333333333,,,6.723539541999344
1,798,0.22698116596539816,0.9215,,,6.723825332999695
1,799,0.22058393518129985,0.9229166666666667,,,6.730418613002257
1,800,0.22452249526977539,0.9227083333333334,0.5846875,0.5842834143229452,7.713900071001262
1,801,0.2339831507205963,0.9181666666666667,,,6.701083144002041
1,802,0.224273481965065,0.9215,,,6.713368000000628
1,803,0.21630369385083517,0.9242916666666666,,,6.709782149002422
1,804,0.22319130317370098,0.922625,,,6.7105944880022435
1,805,0.21575745896498363,0.9249166666666667,,,6.715181450999808
1,806,0.21961313196023305,0.9240416666666667,,,6.711058738001157
1,807,0.2276862666606903,0.91925,,,6.714793454997562
1,808,0.2123005307118098,0.9272916666666666,,,6.707671029998892
1,809,0.21866171763340633,0.9224583333333334,,,6.712292008996883
1,810,0.22247190268834433,0.9231666666666667,0.495,0.49281223372941263,7.717705815000954
1,811,0.21897801693280539,0.9220416666666666,,,6.713021773000946
1,812,0.22136959266662598,0.9238333333333333,,,6.698253311998997
1,813,0.21813589171568554,0.9225416666666667,,,6.706138845001988
1,814,0.22434866011142732,0.9205416666666667,,,6.723133127998153
1,815,0.21519958380858104,0.9243333333333333,,,6.711779605000629
1,816,0.2115878320535024,0.926625,,,6.713234531001945
1,817,0.22463296755154927,0.9210416666666666,,,6.71873646899985
1,818,0.21010700329144796,0.927125,,,6.710410866999155
1,819,0.22595130201180777,0.9192916666666666,,,6.710168951998639
1,820,0.21814466480414071,0.9239166666666667,0.819375,0.8192268691785826,7.735610905998328
1,821,0.2203303540945053,0.925,,,6.715016026999365
1,822,0.21811461234092713,0.9252083333333333,,,6.719377411998721
1,823,0.20957349960009258,0.927125,,,6.703317974999663
1,824,0.22155230899651845,0.924,,,6.705196073002298
1,825,0.21135027488072713,0.9270416666666667,,,6.710546195998177
1,826,0.22330413564046223,0.9227916666666667,,,6.704245607001212
1,827,0.22378429007530212,0.92075,,,6.719671969000046
1,828,0.21589242339134215,0.9250416666666667,,,6.722104193999257
1,829,0.21552057866255442,0.9245833333333333,,,6.71843316399827
1,830,0.21430092533429465,0.9259583333333333,0.6821875,0.679593030638057,7.748922746999597
1,831,0.20969513940811157,0.9255,,,6.724443320999853
1,832,0.21348578373591104,0.9256666666666666,,,6.716651102997275
1,833,0.20821479201316834,0.9291666666666667,,,6.711206308998953
1,834,0.21108720032374065,0.9255416666666667,,,6.707301571997959
1,835,0.2222387088139852,0.9224166666666667,,,6.711718642000051
1,836,0.21877941711743673,0.9238333333333333,,,6.714569383999333
1,837,0.21037117878595987,0.9264166666666667,,,6.721070414001588
1,838,0.21739128402868907,0.9257083333333334,,,6.71098247700138
1,839,0.21001313360532126,0.926625,,,6.7133132009985275
1,840,0.20376562531789144,0.9285,0.77375,0.7730370226684667,7.73038677400109
1,841,0.21086538112163544,0.926375,,,6.711675632999686
1,842,0.20719392855962118,0.9279166666666666,,,6.716181163999863
1,843,0.221051682472229,0.9231666666666667,,,6.7125628590001725
1,844,0.2170401426553726,0.9255,,,6.710612831000617
1,845,0.20846185660362243,0.926125,,,6.709945930997492
1,846,0.20938668322563173,0.9276666666666666,,,6.720259294001153
1,847,0.2215119381348292,0.92275,,,6.715015276997292
1,848,0.2183657571474711,0.9230416666666666,,,6.717448316998343
1,849,0.21155075109004975,0.9268333333333333,,,6.724122080002417
1,850,0.21534651080767314,0.9255,0.48375,0.46901730316740486,7.718427667001379
1,851,0.20029553361733754,0.931375,,,6.7272014820009645
1,852,0.219183424949646,0.9234583333333334,,,6.710981771000661
1,853,0.20512268582979837,0.9295,,,6.721944017997885
1,854,0.20235406827926636,0.927875,,,6.720393374998821
1,855,0.21058436286449433,0.9284166666666667,,,6.721748397001647
1,856,0.2031946005821228,0.9301666666666667,,,6.728556907000893
1,857,0.20265069909890493,0.929125,,,6.7340653809988
1,858,0.209433664560318,0.927,,,6.720945687000494
1,859,0.21165174587567648,0.9260416666666667,,,6.715559350999683
1,860,0.21194344755013783,0.9264166666666667,0.595,0.5892497477003018,7.719922678999865
1,861,0.2130573907693227,0.9264166666666667,,,6.71726042100272
1,862,0.20671891216437022,0.92825,,,6.728334275001544
1,863,0.2029043684800466,0.93075,,,6.719819746002031
1,864,0.1991823036670685,0.9289166666666666,,,6.724664979999943
1,865,0.2139969744682312,0.9253333333333333,,,6.724746006999339
1,866,0.20317650361855824,0.9292916666666666,,,6.728191075002542
1,867,0.20226086235046387,0.9290416666666667,,,6.7081560639999225
1,868,0.20952036197980245,0.9267916666666667,,,6.725051559002168
1,869,0.20414681216080985,0.9288333333333333,,,6.702833275998273
1,870,0.2035476065079371,0.928125,0.5915625,0.5926644618118471,7.724097161000827
1,871,0.20177314297358195,0.929875,,,6.704459986001893
1,872,0.2001830141544342,0.9292916666666666,,,6.711229921998893
1,873,0.19411059614022572,0.932875,,,6.714554307000071
1,874,0.203784281929334,0.9290416666666667,,,6.701896056998521
1,875,0.2056849813858668,0.9265416666666667,,,6.719533390001743
1,876,0.20812712156772614,0.9276666666666666,,,6.717410454002675
1,877,0.20749927826722464,0.9275833333333333,,,6.721664663000411
1,878,0.19942632031440735,0.92975,,,6.727275904002454
1,879,0.20358470249176025,0.9284166666666667,,,6.709526982001989
1,880,0.20094686432679496,0.9294166666666667,0.4728125,0.4571587786484531,7.732986802999221
1,881,0.2017718236843745,0.9289583333333333,,,6.716290180000215
1,882,0.2134758095741272,0.9270416666666667,,,6.712654888997349
1,883,0.1975255128145218,0.9319583333333333,,,6.715358615001605
1,884,0.1969956135749817,0.9288333333333333,,,6.735851110999647
1,885,0.1990900156100591,0.929875,,,6.719319461997657
1,886,0.21359843770662942,0.9245833333333333,,,6.720012565001525
1,887,0.1920086609919866,0.9342916666666666,,,6.723763362002501
1,888,0.20471782199541727,0.92975,,,6.727185898998869
1,889,0.19762274563312532,0.9312916666666666,,,6.725694828997803
1,890,0.1978599861462911,0.9302916666666666,0.7365625,0.7354832382392906,7.788665936001053
1,891,0.18937978053092958,0.9346666666666666,,,6.721553128998494
1,892,0.19706442205111185,0.931125,,,6.724702128001809
1,893,0.19880588748057684,0.93025,,,6.730085242001223
1,894,0.20022515539328256,0.93175,,,6.732236986998032
1,895,0.19207677884896596,0.9339583333333333,,,6.721928019000188
1,896,0.1960582127571106,0.9312083333333333,,,6.719109683002898
1,897,0.20224970265229544,0.92975,,,6.723650076000922
1,898,0.20229899660746256,0.9275416666666667,,,6.7237292300014815
1,899,0.19586077626546225,0.93075,,,6.712503808001202
1,900,0.19742037324110667,0.9311666666666667,0.59375,0.590896153428189,7.760493981000764
1,901,0.19793122680981953,0.93,,,6.723898840999027
1,902,0.1962825790643692,0.9304166666666667,,,6.7285560490017815
1,903,0.19303047426541647,0.932875,,,6.708984311000677
1,904,0.19930574615796406,0.9283333333333333,,,6.713252356999874
1,905,0.19629533131917318,0.9303333333333333,,,6.713568649000081
1,906,0.18131104628245034,0.9367083333333334,,,6.715934304000257
1,907,0.198712925752004,0.930125,,,6.719651105002413
1,908,0.19249638601144156,0.9316666666666666,,,6.727291619998141
1,909,0.1963083763519923,0.93125,,,6.721373029999086
1,910,0.20207606093088787,0.9290416666666667,0.736875,0.7343703436694802,7.7636553310003364
1,911,0.1916563702027003,0.9342916666666666,,,6.725614794999274
1,912,0.1907666959365209,0.9335,,,6.712167629997566
1,913,0.19289395920435587,0.93275,,,6.729829558000347
1,914,0.1895055517355601,0.935375,,,6.721171182001854
1,915,0.19786039801438648,0.9325416666666667,,,6.7182832899998175
1,916,0.19788732457160949,0.9287916666666667,,,6.726292703999206
1,917,0.1985221925576528,0.9315,,,6.711348229000578
1,918,0.19353887017567953,0.9340833333333334,,,6.715990264998254
1,919,0.18957801922162373,0.9325,,,6.726250743002311
1,920,0.1953808312813441,0.9310416666666667,0.7790625,0.77929689322171,7.77171248400191
1,921,0.18979365428288777,0.9342916666666666,,,6.718057195997972
1,922,0.1917115091085434,0.9331666666666667,,,6.7120509009982925
1,923,0.19156372972329458,0.933125,,,6.713304305998463
1,924,0.18926610712210337,0.935875,,,6.721658888000093
1,925,0.19965363645553588,0.9294166666666667,,,6.713050498001394
1,926,0.18754323236147563,0.934125,,,6.7172098829978495
1,927,0.1904165981610616,0.9330416666666667,,,6.712430173996836
1,928,0.19765451482931773,0.92925,,,6.719222476000141
1,929,0.19164768811066946,0.9340833333333334,,,6.7235942219995195
1,930,0.18545419160525003,0.936,0.72875,0.7275326343697264,7.765336438998929
1,931,0.1823893486261368,0.9385416666666667,,,6.707995082000707
1,932,0.18067035909493764,0.9367916666666667,,,6.707384134999302
1,933,0.18352989395459493,0.9355416666666667,,,6.708986271998583
1,934,0.19499035100142162,0.9319166666666666,,,6.706570779002504
1,935,0.17919246327877045,0.9349583333333333,,,6.717704819999199
1,936,0.18660750198364257,0.9352083333333333,,,6.7258201590011595
1,937,0.18090900576114655,0.938875,,,6.738355479999882
1,938,0.19387822377681732,0.929625,,,6.720612851000624
1,939,0.1861939236323039,0.9345833333333333,,,6.714817568001308
1,940,0.1966944340467453,0.9314166666666667,0.4671875,0.45822061469166064,7.944285539000703
1,941,0.18138876108328503,0.938625,,,6.719046015998174
1,942,0.19081777075926462,0.931875,,,6.712395585000195
1,943,0.18929437645276387,0.9340833333333334,,,6.72506527600126
1,944,0.18193954356511433,0.9374166666666667,,,6.724558387999423
1,945,0.1898010040918986,0.934125,,,6.702825976000895
1,946,0.18334687956174214,0.9375833333333333,,,6.713972726996872
1,947,0.1954418625831604,0.9302916666666666,,,6.714408739000646
1,948,0.18319280660152434,0.9378333333333333,,,6.727038045999507
1,949,0.18617400602499645,0.9348333333333333,,,6.716286204999051
1,950,0.1888891772031784,0.9327916666666667,0.6765625,0.6768817525645532,7.727608708999469
1,951,0.1875040258169174,0.93575,,,6.728157500001544
1,952,0.18404406650861105,0.9359166666666666,,,6.732637496003008
1,953,0.18345257604122162,0.93825,,,6.711685033998947
1,954,0.18859748129049936,0.9350416666666667,,,6.718622847001825
1,955,0.18463342360655466,0.936375,,,6.7094317369992496
1,956,0.18182701806227367,0.9368333333333333,,,6.709846161000314
1,957,0.18036080825328826,0.9384583333333333,,,6.7245160509992274
1,958,0.178065917690595,0.9371666666666667,,,6.71485681500053
1,959,0.1850208971897761,0.9357916666666667,,,6.70070570399912
1,960,0.18168685086568195,0.9350416666666667,0.6571875,0.654328257337021,7.736904613000661
1,961,0.1872697503566742,0.9343333333333333,,,6.7229328520006675
1,962,0.18804838434855142,0.934375,,,6.719941020997794
1,963,0.17727997493743897,0.9385833333333333,,,6.72316590400078
1,964,0.18607967019081115,0.9354166666666667,,,6.720313544999954
1,965,0.17577258829275766,0.938875,,,6.7165510109989555
1,966,0.17330081188678742,0.9377083333333334,,,6.7261847449990455
1,967,0.18552843376000722,0.9335416666666667,,,6.710452971001359
1,968,0.18515983748435974,0.935625,,,6.706613046997518
1,969,0.18310536881287892,0.9363333333333334,,,6.713978010000574
1,970,0.17205673774083455,0.94,0.5884375,0.5853613558871319,7.720996559000923
1,971,0.17464377482732138,0.94025,,,6.72105486700093
1,972,0.18117123556137085,0.938,,,6.7312876360010705
1,973,0.18708097318808237,0.9361666666666667,,,6.7232830569992075
1,974,0.1810881595214208,0.937125,,,6.7155481910012895
1,975,0.17612413803736368,0.9392916666666666,,,6.722404954001831
1,976,0.1743151752948761,0.93975,,,6.714753483000095
1,977,0.18684106322129568,0.9332916666666666,,,6.715871902000799
1,978,0.17161708648999532,0.9410416666666667,,,6.725411663999694
1,979,0.18484883121649423,0.9344583333333333,,,6.725324767001439
1,980,0.17399923475583395,0.9403333333333334,0.6578125,0.6527141982556822,7.777710447997379
1,981,0.17530539017915725,0.9386666666666666,,,6.733704250000301
1,982,0.17173206996917725,0.9408333333333333,,,6.719783658001688
1,983,0.1798651833732923,0.93775,,,6.71001903800061
1,984,0.17654044898351035,0.9394166666666667,,,6.716167365000729
1,985,0.17442721607287726,0.9400416666666667,,,6.715952934999223
1,986,0.18300974613428117,0.9367083333333334,,,6.721677287001512
1,987,0.17612229601542154,0.9376666666666666,,,6.7235237159984536
1,988,0.1704213879108429,0.9420416666666667,,,6.722815638997417
1,989,0.17689894759654998,0.939,,,6.7188410029993975
1,990,0.1811998168428739,0.9369166666666666,0.470625,0.46427431267015995,7.753474102999462
1,991,0.18441380866368612,0.93475,,,6.72829401999843
1,992,0.1853396931886673,0.9347083333333334,,,6.744859244001418
1,993,0.18566393589973448,0.9342916666666666,,,6.73316970399901
1,994,0.1759230685631434,0.93875,,,6.712909129000764
1,995,0.188660977602005,0.9379583333333333,,,6.735091127000487
1,996,0.18728062788645428,0.933875,,,6.728963111996563
1,997,0.16998385020097095,0.942625,,,6.729776579999452
1,998,0.1695406793753306,0.9411666666666667,,,6.733134172001883
1,999,0.17830451091130575,0.938125,,,6.727530223997746
1,1000,0.17501293369134266,0.9384583333333333,0.7465625,0.7463475391512747,7.731696001003002
2,1,2.990117847442627,0.084125,,,7.280900990001101
2,2,2.8309820187886556,0.12308333333333334,,,6.726030183999683
2,3,2.752949062347412,0.14291666666666666,,,6.724251676001586
2,4,2.6825783157348635,0.16054166666666667,,,6.713855884998338
2,5,2.6260578587849936,0.17054166666666667,,,6.718909012997756
2,6,2.570536237080892,0.1825,,,6.723397843001294
2,7,2.5068904151916502,0.19691666666666666,,,6.72869626100146
2,8,2.455889233271281,0.20520833333333333,,,6.723099775001174
2,9,2.406059690475464,0.21258333333333335,,,6.722011639001721
2,10,2.356352321624756,0.222125,0.0996875,0.07240822141228846,7.784231435998663
2,11,2.3199573701222738,0.23333333333333334,,,6.759110352002608
2,12,2.272746987660726,0.24158333333333334,,,6.741647589999047
2,13,2.2405573196411135,0.2455,,,6.745403592001821
2,14,2.193127925872803,0.258125,,,6.740439418997994
2,15,2.1669222621917723,0.26029166666666664,,,6.751632677998714
2,16,2.138983580907186,0.27016666666666667,,,6.746525277001638
2,17,2.097846783002218,0.278375,,,6.726449108002271
2,18,2.0754488798777264,0.28391666666666665,,,6.731244720001996
2,19,2.0679716135660806,0.28329166666666666,,,6.737946528999601
2,20,2.036136907577515,0.28808333333333336,0.118125,0.10990138161755988,7.832672288001049
2,21,2.0093601824442544,0.2966666666666667,,,6.733316989000741
2,22,1.9774081077575683,0.30925,,,6.735596193000674
2,23,1.9656426788965862,0.31095833333333334,,,6.747773945000517
2,24,1.9608588549296062,0.308625,,,6.733193429001403
2,25,1.9323521982828775,0.31554166666666666,,,6.735982440000953
2,26,1.9281992193857829,0.3185,,,6.7524304059988935
2,27,1.9151061986287434,0.32258333333333333,,,6.769604692999565
2,28,1.894911298116048,0.32795833333333335,,,6.763250263000373
2,29,1.8893912881215413,0.3289166666666667,,,6.75623265700051
2,30,1.8858796819051107,0.329875,0.1325,0.11681487232113394,7.785282649001601
2,31,1.8695123923619588,0.332875,,,6.756165286999021
2,32,1.8524590098063152,0.3413333333333333,,,6.744594063999102
2,33,1.837139676729838,0.34520833333333334,,,6.737164494999888
2,34,1.827752634048462,0.344125,,,6.740178967997053
2,35,1.8251935265858967,0.3446666666666667,,,6.738596137001878
2,36,1.8085867703755696,0.35075,,,6.742727423999895
2,37,1.7879577020009358,0.3554583333333333,,,6.743998999998439
2,38,1.7784759521484375,0.3617916666666667,,,6.747599796999566
2,39,1.7773293139139812,0.36083333333333334,,,6.740303300997766
2,40,1.7527333386739095,0.36945833333333333,0.14125,0.1277121892871383,7.783425076002459
2,41,1.7448997780481974,0.3665833333333333,,,6.748201954997057
2,42,1.7465179789861043,0.3652916666666667,,,6.7377366660002735
2,43,1.7349796218872071,0.3742083333333333,,,6.728198067001358
2,44,1.7217665818532308,0.377125,,,6.737325537000288
2,45,1.7133987426757813,0.3782083333333333,,,6.736672717001056
2,46,1.7182132507960002,0.3755833333333333,,,6.74936290000187
2,47,1.7011409962972006,0.38866666666666666,,,6.732248864998837
2,48,1.69883362865448,0.38358333333333333,,,6.733101883000927
2,49,1.7022132562001546,0.38658333333333333,,,6.738250097998389
2,50,1.679536979675293,0.39125,0.136875,0.12811861517450257,7.752212146999227
2,51,1.6791300862630207,0.3915,,,6.73772660800023
2,52,1.6670304428736369,0.3947083333333333,,,6.760668093000277
2,53,1.637855225245158,0.40620833333333334,,,6.743655108002713
2,54,1.6326722418467203,0.409,,,6.7385283110015735
2,55,1.6360624780654907,0.40575,,,6.749675309001759
2,56,1.6398506444295247,0.4060416666666667,,,6.741017481999734
2,57,1.62676167456309,0.4073333333333333,,,6.734714000001986
2,58,1.620355268796285,0.406125,,,6.73395729999902
2,59,1.6150609223047891,0.41170833333333334,,,6.73337462100244
2,60,1.6036142854690552,0.41479166666666667,0.2059375,0.19761631558086437,7.759229661001882
2,61,1.6062730073928833,0.415875,,,6.730046187996777
2,62,1.6033575000762939,0.4155,,,6.749790048997966
2,63,1.5873081693649291,0.4207916666666667,,,6.733669245997589
2,64,1.589500986735026,0.42325,,,6.7484938240013435
2,65,1.5669426301320395,0.42883333333333334,,,6.741860001002351
2,66,1.5759296442667643,0.426,,,6.730591794999782
2,67,1.5743165543874105,0.423125,,,6.740988243000174
2,68,1.570388459523519,0.4292916666666667,,,6.735828738001146
2,69,1.5354286937713624,0.4407916666666667,,,6.738528556001256
2,70,1.5527312135696412,0.4355,0.1778125,0.17178931952158155,7.771821243997692
2,71,1.5561273911794027,0.43316666666666664,,,6.739206706999539
2,72,1.544601882616679,0.43816666666666665,,,6.728229136002483
2,73,1.5310777473449706,0.44125,,,6.741699099999096
2,74,1.5256874758402506,0.44558333333333333,,,6.7322308359980525
2,75,1.513191219329834,0.44725,,,6.7307986529995105
2,76,1.5116865895589193,0.44729166666666664,,,6.744144523003342
2,77,1.5418550567626954,0.4379166666666667,,,6.732545887000015
2,78,1.4979748401641846,0.4534166666666667,,,6.7302118229999905
2,79,1.521332138379415,0.44533333333333336,,,6.735682513000938
2,80,1.5048622334798176,0.4527083333333333,0.2140625,0.20813684919455397,7.764732474999619
2,81,1.4942414588928223,0.452875,,,6.739926348000154
2,82,1.5055132506688436,0.4512083333333333,,,6.730572423999547
2,83,1.4986093947092691,0.45216666666666666,,,6.737517874000332
2,84,1.479021313349406,0.4605416666666667,,,6.739086846999271
2,85,1.4856420033772786,0.45991666666666664,,,6.7416329180014145
2,86,1.4713885224660237,0.463,,,6.7520944209973095
2,87,1.4723260647455851,0.4585416666666667,,,6.746343466002145
2,88,1.4658430875142416,0.46358333333333335,,,6.738565769002889
2,89,1.4635569814046223,0.464875,,,6.726915496001311
2,90,1.4630543305079142,0.466,0.1803125,0.17536918941699375,7.77294523999808
2,91,1.4589124253590902,0.46779166666666666,,,6.735137514999224
2,92,1.4620755996704102,0.4635416666666667,,,6.733470980001584
2,93,1.4510491542816162,0.47179166666666666,,,6.721971241000574
2,94,1.4440852896372478,0.475125,,,6.734299152998574
2,95,1.4582209402720134,0.4663333333333333,,,6.731515269999363
2,96,1.4433563486735026,0.4710416666666667,,,6.742616868003097
2,97,1.4356097157796224,0.47525,,,6.738038653998956
2,98,1.4350695629119874,0.4761666666666667,,,6.741198404000897
2,99,1.4343856948216755,0.47625,,,6.735517325996625
2,100,1.440798796971639,0.47458333333333336,0.1575,0.15331668431219134,7.744453500999953
2,101,1.441273198445638,0.469625,,,6.7390661030003685
2,102,1.435075042406718,0.4745,,,6.7496629349989234
2,103,1.4201614767710369,0.4809583333333333,,,6.738993793998816
2,104,1.4201947574615479,0.4834583333333333,,,6.737917575002939
2,105,1.4073138910929361,0.4880833333333333,,,6.737039413001185
2,106,1.404517286936442,0.48633333333333334,,,6.744998526999552
2,107,1.410802978515625,0.4840833333333333,,,6.741285739997693
2,108,1.4078989092508951,0.4817916666666667,,,6.7517678440017335
2,109,1.3946176436742146,0.49066666666666664,,,6.7410782130027656
2,110,1.3981285619735717,0.48854166666666665,0.18125,0.1709715381810083,7.780178091001289
2,111,1.390892433166504,0.4900833333333333,,,6.754027461000078
2,112,1.3923850940068563,0.48791666666666667,,,6.748058355999092
2,113,1.3853741731643676,0.49483333333333335,,,6.744396736998169
2,114,1.369099412918091,0.5016666666666667,,,6.753757405997021
2,115,1.3877808771133422,0.493875,,,6.750642598999548
2,116,1.3631965401967368,0.4987083333333333,,,6.754634823999368
2,117,1.348357016245524,0.5057083333333333,,,6.77081323099992
2,118,1.3618621638615926,0.5045,,,6.756116951000877
2,119,1.3561468448638916,0.503625,,,6.752945862997876
2,120,1.3472259585062663,0.5067083333333333,0.1725,0.1669222235193764,7.778401321000274
2,121,1.3392633743286133,0.5088333333333334,,,6.7446959059998335
2,122,1.3314575055440268,0.512625,,,6.756607459003135
2,123,1.3276230723063152,0.5146666666666667,,,6.760076356000354
2,124,1.3467446660995483,0.5047916666666666,,,6.74309441999867
2,125,1.3443211822509766,0.5110833333333333,,,6.746035538999422
2,126,1.3328465878168743,0.5105,,,6.741491185999621
2,127,1.3388396790822348,0.5104583333333333,,,6.741138902001694
2,128,1.3461682612101238,0.5115416666666667,,,6.749199865000264
2,129,1.3146866995493571,0.521,,,6.74360876299761
2,130,1.3067836558024089,0.5215,0.25875,0.2544878560331042,7.786912259001838
2,131,1.3373658034006755,0.5103333333333333,,,6.744940682998276
2,132,1.301238426844279,0.5222916666666667,,,6.752060653998342
2,133,1.3001364793777466,0.5270416666666666,,,6.741468946998793
2,134,1.321296421368917,0.5179583333333333,,,6.747815156002616
2,135,1.3085636558532714,0.521875,,,6.7445493650011485
2,136,1.3061936581929525,0.5208333333333334,,,6.747437456000625
2,137,1.2956223077774047,0.527125,,,6.746814218000509
2,138,1.3036947116851807,0.5255833333333333,,,6.7434424750026665
2,139,1.2924864479700724,0.5263333333333333,,,6.74898227399899
2,140,1.299162036895752,0.5263333333333333,0.2396875,0.23450680817927022,7.776680500999646
2,141,1.2847885341644287,0.5327916666666667,,,6.739668408998114
2,142,1.2642879645029703,0.540625,,,6.745203264999873
2,143,1.2713383569717407,0.537125,,,6.749069921999762
2,144,1.2922243204116821,0.5267083333333333,,,6.742170098001225
2,145,1.2797806822458904,0.5322083333333333,,,6.742711669001437
2,146,1.2766022284825642,0.5359583333333333,,,6.735028593000607
2,147,1.3027391675313313,0.5230416666666666,,,6.739657157999318
2,148,1.261732983907064,0.543125,,,6.743235759000527
2,149,1.2675996742248534,0.5400833333333334,,,6.741686476001632
2,150,1.2690403356552125,0.5360833333333334,0.22125,0.21498947622267836,7.76759927799867
2,151,1.2646177800496419,0.53775,,,6.74775152300208
2,152,1.2549122645060222,0.5407916666666667,,,6.738102585997694
2,153,1.2684794146219889,0.5346666666666666,,,6.739050935000705
2,154,1.2620484199523925,0.541375,,,6.747085262002656
2,155,1.241415709177653,0.5451666666666667,,,6.742768119001994
2,156,1.23797953414917,0.5485833333333333,,,6.767593316002603
2,157,1.2563597507476807,0.540625,,,6.758161715999449
2,158,1.255272910118103,0.5428333333333333,,,6.7512415909986885
2,159,1.2507594343821207,0.5496666666666666,,,6.740246564000699
2,160,1.2356215054194133,0.5482083333333333,0.2675,0.26578581655271016,7.778822571999626
2,161,1.263431050300598,0.5386666666666666,,,6.745224925001821
2,162,1.2518141759236654,0.5455,,,6.739506934998644
2,163,1.2361169656117756,0.5505833333333333,,,6.736969371999294
2,164,1.2277288106282551,0.5511666666666667,,,6.7399507370028005
2,165,1.2237101306915283,0.5575833333333333,,,6.741236259997095
2,166,1.224786931037903,0.554875,,,6.73775938000108
2,167,1.221818107287089,0.5535,,,6.753268872998888
2,168,1.2105746676127116,0.5615833333333333,,,6.75260956999773
2,169,1.208430521329244,0.5637916666666667,,,6.745423836000555
2,170,1.2016099014282227,0.560875,0.2509375,0.24987903225154487,7.761844812997879
2,171,1.2071101252237957,0.5620416666666667,,,6.7524085650002235
2,172,1.213826592763265,0.558625,,,6.747547769002267
2,173,1.189603988647461,0.56925,,,6.752824086997862
2,174,1.1838385963439941,0.5675,,,6.736123302001943
2,175,1.1930972677866618,0.5635,,,6.74774966699988
2,176,1.1934642365773518,0.566375,,,6.742595857002016
2,177,1.180364439646403,0.568375,,,6.739293104998069
2,178,1.1739714069366456,0.5702083333333333,,,6.749621478000336
2,179,1.1936178592046103,0.5677916666666667,,,6.740855119998741
2,180,1.1838146088918051,0.5726666666666667,0.2759375,0.26891226373475113,7.764539648000209
2,181,1.1654577871958414,0.579875,,,6.731276143997093
2,182,1.1712580394744874,0.5742083333333333,,,6.728318010002113
2,183,1.1900748074849448,0.5717916666666667,,,6.735668015997362
2,184,1.173117651939392,0.5754166666666667,,,6.734663016999548
2,185,1.18532652759552,0.5720833333333334,,,6.736167666000256
2,186,1.1797178332010905,0.573125,,,6.745742537001206
2,187,1.1548614495595295,0.5815,,,6.751116428000387
2,188,1.1562363990147908,0.58075,,,6.750590314000874
2,189,1.1650044031143187,0.5793333333333334,,,6.753736360999028
2,190,1.1603847246170045,0.576125,0.280625,0.27901829260471733,7.804918974998145
2,191,1.1750823151270549,0.5699583333333333,,,6.748521764999168
2,192,1.1607899974187215,0.5789166666666666,,,6.743352789002529
2,193,1.1440147253672281,0.5861666666666666,,,6.7350713970008655
2,194,1.1628477794329326,0.5796666666666667,,,6.734049040998798
2,195,1.1633753229777017,0.5737083333333334,,,6.7429865390004124
2,196,1.1483480334281921,0.5824583333333333,,,6.740388556001562
2,197,1.147045255025228,0.5836666666666667,,,6.739697138000338
2,198,1.1668736969629923,0.573375,,,6.743242767999618
2,199,1.1249904254277547,0.591875,,,6.7438982159983425
2,200,1.1353738689422608,0.5859166666666666,0.3396875,0.3364126314200953,7.772612446999119
2,201,1.1443411277135214,0.584125,,,6.73646893300247
2,202,1.153500994682312,0.5813333333333334,,,6.7549882710009115
2,203,1.1251461820602418,0.5912916666666667,,,6.748785575000511
2,204,1.1421633434295655,0.5844583333333333,,,6.7555670340007055
2,205,1.129152315457662,0.5895833333333333,,,6.743946361999406
2,206,1.1195848598480225,0.596375,,,6.741010214998823
2,207,1.1195231428146362,0.5986666666666667,,,6.734348621001118
2,208,1.120838589668274,0.5937916666666667,,,6.7284875990008
2,209,1.1238811394373576,0.5954583333333333,,,6.736770984000032
2,210,1.0876362533569337,0.6073333333333333,0.366875,0.36504843209907023,7.782257111000945
2,211,1.1092115414937338,0.6012083333333333,,,6.739443299000413
2,212,1.1033571004867553,0.603875,,,6.732725472000311
2,213,1.114625552813212,0.5971666666666666,,,6.747946076000517
2,214,1.1104312785466512,0.6005833333333334,,,6.748297122998338
2,215,1.0947023213704428,0.602875,,,6.730691841999942
2,216,1.0937153011957805,0.6065,,,6.731935330997658
2,217,1.091203727086385,0.603,,,6.749582592998195
2,218,1.090308068593343,0.6076666666666667,,,6.752012214001297
2,219,1.0882442398071288,0.607875,,,6.738350483999966
2,220,1.0890193510055541,0.603875,0.2465625,0.24789755570409605,7.783476536998933
2,221,1.0906422618230185,0.6074583333333333,,,6.749335335000069
2,222,1.079091659228007,0.6127083333333333,,,6.7326663810017635
2,223,1.0805847323735556,0.610375,,,6.737126949003141
2,224,1.0686725177764893,0.6175,,,6.744566702996963
2,225,1.0583606621424357,0.61575,,,6.736213330001192
2,226,1.0910175522168477,0.6097083333333333,,,6.748753939002199
2,227,1.077256596883138,0.6131666666666666,,,6.738697887998569
2,228,1.0739147647221883,0.6132083333333334,,,6.75062669700128
2,229,1.0644759254455567,0.6182083333333334,,,6.755669934002071
2,230,1.0725887985229492,0.6139166666666667,0.3259375,0.3241969782135488,7.781645564999053
2,231,1.055973638534546,0.6192916666666667,,,6.752992316000018
2,232,1.0623116346995036,0.615,,,6.7610902430024
2,233,1.057399331410726,0.6193333333333333,,,6.734643234001851
2,234,1.0525754251480102,0.6185416666666667,,,6.741344149002543
2,235,1.0570537519454957,0.6214583333333333,,,6.738388360998215
2,236,1.0509997871716816,0.6248333333333334,,,6.749218517001282
2,237,1.0553913644154866,0.620125,,,6.751533112001198
2,238,1.0466659049987792,0.6235416666666667,,,6.755501233001269
2,239,1.0536597731908162,0.6179166666666667,,,6.752326827998331
2,240,1.0391932649612428,0.6261666666666666,0.3146875,0.3079233543506673,7.7726121740015515
2,241,1.0238089040120442,0.633125,,,6.741424754996842
2,242,1.033048170407613,0.628875,,,6.742626988001575
2,243,1.0191086500485738,0.6327916666666666,,,6.739578126998822
2,244,1.033460612932841,0.6269166666666667,,,6.738200651998341
2,245,1.029991241455078,0.627,,,6.738222340998618
2,246,1.02467773214976,0.6265833333333334,,,6.739569149998715
2,247,1.0435616985956828,0.6232916666666667,,,6.740995509997447
2,248,1.0376377684275309,0.6247916666666666,,,6.74569052699735
2,249,1.0323745444615682,0.6304583333333333,,,6.74181929399856
2,250,1.0077790196736653,0.639,0.3334375,0.33321361253776693,7.7724273889980395
2,251,1.0239194008509318,0.6322083333333334,,,6.742791947999649
2,252,1.0165746167500813,0.6332916666666667,,,6.756340871001157
2,253,1.0303497943878175,0.6328333333333334,,,6.759238495000318
2,254,1.0141587251027424,0.6399583333333333,,,6.754561584999465
2,255,1.027184510866801,0.63,,,6.72194919499816
2,256,1.0224168650309244,0.6339166666666667,,,6.741304508999747
2,257,1.012730798403422,0.6360833333333333,,,6.767221129997779
2,258,0.9997477696736654,0.6397083333333333,,,6.757313494999835
2,259,1.0132286097208658,0.636,,,6.74825166699884
2,260,0.9958371149698894,0.6443333333333333,0.3921875,0.39226488864171405,7.787919329999568
2,261,0.9985722274780273,0.6385,,,6.754190232000838
2,262,0.9911687323252361,0.645625,,,6.746241335000377
2,263,0.9950602389971415,0.6435416666666667,,,6.748774669998966
2,264,0.9801332639058431,0.65125,,,6.7595688740002515
2,265,0.9929608421325684,0.6424166666666666,,,6.765607961002388
2,266,1.0185357402165731,0.6363333333333333,,,6.7453724820006755
2,267,0.979059601465861,0.6493333333333333,,,6.743215513997711
2,268,0.9743782456715901,0.6537083333333333,,,6.7438684460030345
2,269,0.9993573659261068,0.6455833333333333,,,6.750453667002148
2,270,1.007008762995402,0.6389583333333333,0.2896875,0.2844475456074192,7.829007033997186
2,271,1.0014723536173502,0.641125,,,6.744829070001288
2,272,0.9740847403208415,0.65,,,6.752660728998308
2,273,0.9904036172231039,0.643625,,,6.747952916000941
2,274,0.9716504432360331,0.654,,,6.743711513998278
2,275,0.9851107184092204,0.6467916666666667,,,6.74700572400252
2,276,0.9787930695215861,0.6491666666666667,,,6.747452523999527
2,277,0.9676013914744059,0.6559583333333333,,,6.742568542002118
2,278,0.9631103820800782,0.6555833333333333,,,6.738156460000027
2,279,0.9700135951042175,0.652125,,,6.745064497998101
2,280,0.9721324030558268,0.6515833333333333,0.241875,0.24301978617826317,7.797505435999483
2,281,0.9672969153722127,0.6498333333333334,,,6.745052138001483
2,282,0.9657229715983073,0.6540833333333333,,,6.738079793001816
2,283,0.9742377735773722,0.6510833333333333,,,6.756305195001914
2,284,0.9708196907043457,0.6513333333333333,,,6.740915214002598
2,285,0.9727713893254598,0.6524166666666666,,,6.738774604000355
2,286,0.948279719988505,0.66,,,6.747030620997975
2,287,0.9519050833384196,0.6580833333333334,,,6.745368189000146
2,288,0.9475394719441732,0.6600416666666666,,,6.730320717000723
2,289,0.968511694908142,0.6545,,,6.7544754880000255
2,290,0.9553588005701701,0.6589583333333333,0.463125,0.46181214644093566,7.78594623599929
2,291,0.9471773166656494,0.6626666666666666,,,6.743666471000324
2,292,0.9480241889953613,0.6598333333333334,,,6.746768685999996
2,293,0.9422054440180461,0.665,,,6.730394947000605
2,294,0.9487328786849976,0.6608333333333334,,,6.741950685001939
2,295,0.9297568262418111,0.6658333333333334,,,6.734944211999391
2,296,0.9356391894022623,0.664875,,,6.741299358000106
2,297,0.9373742834726969,0.664125,,,6.746728902999166
2,298,0.9391598482131958,0.6638333333333334,,,6.757495636000385
2,299,0.9311192258199056,0.667,,,6.739872616999492
2,300,0.9562593587239583,0.6583333333333333,0.3075,0.30893199317877584,7.799713378997694
2,301,0.9283826141357422,0.6673333333333333,,,6.748111384000367
2,302,0.9401650349299113,0.6610833333333334,,,6.761100019000878
2,303,0.9358337394396464,0.665375,,,6.749472056999366
2,304,0.9244149611790975,0.6698333333333333,,,6.742581290000089
2,305,0.9336209573745727,0.6662916666666666,,,6.738595695998811
2,306,0.9357508433659871,0.66875,,,6.746048103999783
2,307,0.9302421321868897,0.665875,,,6.7427298840011645
2,308,0.9296237754821778,0.6635833333333333,,,6.736625468998682
2,309,0.9177081073125204,0.6732083333333333,,,6.747481471997162
2,310,0.9174386774698893,0.6722083333333333,0.47125,0.47122015724875804,7.780711335002707
2,311,0.912914321899414,0.674375,,,6.737591050001356
2,312,0.9140464992523193,0.6749583333333333,,,6.739160872999491
2,313,0.9062794936498006,0.678,,,6.745194929997524
2,314,0.9050917002360026,0.6768333333333333,,,6.747258483999758
2,315,0.9105956365267436,0.678875,,,6.7403784730013285
2,316,0.9103135684331258,0.6749166666666667,,,6.739742344998376
2,317,0.8964872932434083,0.6808333333333333,,,6.76315149599759
2,318,0.9009423046112061,0.6774166666666667,,,6.746365718001471
2,319,0.8955532220204672,0.681625,,,6.73212628499823
2,320,0.9038590869903564,0.6744583333333334,0.354375,0.3558992810767698,7.760288468998624
2,321,0.8985201555887858,0.6805,,,6.742657066002721
2,322,0.8992689469655355,0.6812916666666666,,,6.7472138999983144
2,323,0.9014342390696207,0.6768333333333333,,,6.7520572490029735
2,324,0.9169502468109131,0.6734166666666667,,,6.753995635001047
2,325,0.9052850882212321,0.6753333333333333,,,6.749708253999415
2,326,0.8997344891230266,0.6796666666666666,,,6.7599803209996026
2,327,0.9049884872436523,0.6779583333333333,,,6.750333453997882
2,328,0.8837952826817831,0.6834583333333333,,,6.746379603002424
2,329,0.9063357032140096,0.6730416666666666,,,6.74669838599948
2,330,0.8834623212814331,0.6850416666666667,0.3403125,0.3406385027046608,7.775116739998339
2,331,0.8923614126841227,0.6809166666666666,,,6.73734155800048
2,332,0.8819373095830282,0.6872916666666666,,,6.731795982999756
2,333,0.8852212581634521,0.6860416666666667,,,6.752224670999567
2,334,0.8776463534037272,0.686875,,,6.751327832000243
2,335,0.8818838548660278,0.6829166666666666,,,6.758820089002256
2,336,0.8745884857177735,0.6835416666666667,,,6.735232901999552
2,337,0.8755976977348328,0.6858333333333333,,,6.748433706001379
2,338,0.8622709941864014,0.6967916666666667,,,6.737325797999802
2,339,0.878633095741272,0.6869583333333333,,,6.730442182997649
2,340,0.8649494803746541,0.6932083333333333,0.395625,0.39363874631458773,7.775189596999553
2,341,0.8699621346791585,0.688625,,,6.760160973000893
2,342,0.8791520849863688,0.6885416666666667,,,6.737487200000032
2,343,0.8630087070465088,0.6959583333333333,,,6.737598817999242
2,344,0.8671990121205648,0.6929583333333333,,,6.748976489998313
2,345,0.8579673992792766,0.6927916666666667,,,6.739820206999866
2,346,0.8676887575785319,0.69275,,,6.735283691999939
2,347,0.8637028257052104,0.69025,,,6.733386582000094
2,348,0.8607757835388183,0.6929583333333333,,,6.74192823300109
2,349,0.86112486521403,0.6965833333333333,,,6.749944826999126
2,350,0.8655463356971741,0.6937083333333334,0.4378125,0.4355141926117514,7.785164831999282
2,351,0.8545589434305827,0.69625,,,6.738410998998006
2,352,0.8471021951039632,0.697875,,,6.743515658999968
2,353,0.8471312503814697,0.6962916666666666,,,6.757325172002311
2,354,0.8507733303705851,0.6967083333333334,,,6.740208437997353
2,355,0.8617732976277669,0.6939583333333333,,,6.741866567997931
2,356,0.8439378169377645,0.6978333333333333,,,6.743956098998751
2,357,0.8496569414138794,0.698125,,,6.748581059000571
2,358,0.8585099538167318,0.6960416666666667,,,6.744351850000385
2,359,0.848138832728068,0.6984166666666667,,,6.747287154998048
2,360,0.8420979188283284,0.7002083333333333,0.40625,0.4026810981367923,7.788575885002501
2,361,0.844391313234965,0.6998333333333333,,,6.757016561998171
2,362,0.8490149526596069,0.696875,,,6.78074294399994
2,363,0.8370803782145182,0.7015833333333333,,,6.750730340998416
2,364,0.8285349578857422,0.7073333333333334,,,6.739190733998839
2,365,0.8307549667358398,0.7025,,,6.745784884999011
2,366,0.8272005446751912,0.7065833333333333,,,6.744604293999146
2,367,0.8281759783426921,0.7045,,,6.740012644000672
2,368,0.8265666818618774,0.706875,,,6.754141566998442
2,369,0.8355607484181722,0.7014583333333333,,,6.751875666999695
2,370,0.8385527680714925,0.7014166666666667,0.2959375,0.2971365934484656,7.796872165999957
2,371,0.8315961287816366,0.7038333333333333,,,6.74526768099895
2,372,0.8289810256958008,0.7054166666666667,,,6.737515085002087
2,373,0.8133160072962443,0.7107083333333334,,,6.743873380997684
2,374,0.8271213585535685,0.704625,,,6.748516559000564
2,375,0.8444241043726604,0.7024166666666667,,,6.7422453069993935
2,376,0.8200107316970825,0.7078333333333333,,,6.741352351000387
2,377,0.8320280694961548,0.7028333333333333,,,6.759821144998568
2,378,0.8190026912689209,0.710375,,,6.745788373002142
2,379,0.811318426767985,0.710125,,,6.760476504001417
2,380,0.8108415961265564,0.7119583333333334,0.34125,0.3416990115151207,7.8191262379987165
2,381,0.80524853293101,0.7148333333333333,,,6.7428751650004415
2,382,0.8149224195480347,0.708125,,,6.743378593000671
2,383,0.8200497907002767,0.710125,,,6.737987773998611
2,384,0.8194734334945679,0.710625,,,6.748991272001149
2,385,0.8069713888168335,0.710375,,,6.748998490998929
2,386,0.8136737712224325,0.7127083333333334,,,6.744489822001924
2,387,0.8054026028315227,0.711625,,,6.745096860002377
2,388,0.8183152186075846,0.70925,,,6.753970810001192
2,389,0.8206111787160237,0.7078333333333333,,,6.7439967909995175
2,390,0.8068153878847758,0.7125,0.40875,0.4086288854190448,7.814054694001243
2,391,0.8088270761171976,0.7119583333333334,,,6.750341312999808
2,392,0.801309973080953,0.713375,,,6.7418305999999575
2,393,0.8046443392435709,0.71625,,,6.744129087001056
2,394,0.8009951607386271,0.7184166666666667,,,6.748273090997827
2,395,0.7962474387486775,0.7168333333333333,,,6.744447814999148
2,396,0.8090184809366862,0.7145,,,6.7388176929998735
2,397,0.8037665557861328,0.7129583333333334,,,6.75428358699719
2,398,0.785417264620463,0.7207916666666667,,,6.748141268999461
2,399,0.7923988342285156,0.7157083333333333,,,6.747877444999176
2,400,0.7968885332743327,0.713875,0.4259375,0.42342263141901587,7.806328288999794
2,401,0.8031101922988891,0.717125,,,6.752061041002889
2,402,0.7894043375651042,0.7195416666666666,,,6.739371309002308
2,403,0.7787576872507731,0.723,,,6.746308999001485
2,404,0.7805012200673421,0.7247916666666666,,,6.7458099520008545
2,405,0.7909231452941895,0.7202083333333333,,,6.753724232999957
2,406,0.7869231446584066,0.7211666666666666,,,6.741370897001616
2,407,0.7815949118932088,0.7213333333333334,,,6.757760586999211
2,408,0.783134046236674,0.7245833333333334,,,6.7334352059988305
2,409,0.7694831477801005,0.7283333333333334,,,6.744043222999608
2,410,0.7739923539161682,0.7242916666666667,0.4509375,0.4495937198452505,7.831078637002065
2,411,0.7779706778526306,0.7230833333333333,,,6.737759455001651
2,412,0.781372610727946,0.7229583333333334,,,6.736605673999293
2,413,0.7807578315734863,0.723375,,,6.7387797640003555
2,414,0.7734953826268514,0.7265833333333334,,,6.771140540997294
2,415,0.7723163458506266,0.727,,,6.768966012998135
2,416,0.7735404275258382,0.728625,,,6.749681747998693
2,417,0.7643647716840108,0.7284166666666667,,,6.742284579002444
2,418,0.767430734316508,0.7277083333333333,,,6.743281588001992
2,419,0.7756379656791687,0.7247083333333333,,,6.754192606000288
2,420,0.7770722030003866,0.7263333333333334,0.4496875,0.44851080636604995,7.794045959999494
2,421,0.7604380893707275,0.7319166666666667,,,6.739329280997481
2,422,0.7598118591308594,0.7292083333333333,,,6.737362342999404
2,423,0.7680104201634725,0.7269583333333334,,,6.750538537002285
2,424,0.7576111028989156,0.7316666666666667,,,6.742021650999959
2,425,0.7714045559565226,0.7255416666666666,,,6.735505671997089
2,426,0.7527793517112732,0.7320416666666667,,,6.74527459300225
2,427,0.7591142886479696,0.7302083333333333,,,6.742718154000613
2,428,0.7538990136782329,0.7303333333333333,,,6.750753199001338
2,429,0.7576525835990906,0.732125,,,6.74812542699874
2,430,0.7574729641278585,0.728125,0.4196875,0.41678813618391936,7.842487390000315
2,431,0.764577169418335,0.7305,,,6.737484173001576
2,432,0.7617532285054525,0.7315416666666666,,,6.743320218000008
2,433,0.7568470967610678,0.7310416666666667,,,6.744882223996683
2,434,0.7571558094024659,0.7329166666666667,,,6.735736963000818
2,435,0.7464705479939778,0.7369166666666667,,,6.738606653001625
2,436,0.7583485585848491,0.7339583333333334,,,6.7438558700014255
2,437,0.7475053717295329,0.737625,,,6.751882500000647
2,438,0.7455896210670471,0.7345416666666666,,,6.7471734690007
2,439,0.7386610577901205,0.7378333333333333,,,6.746717242000159
2,440,0.7530570837656657,0.7302916666666667,0.4665625,0.46407647606703784,7.780550094001228
2,441,0.7402521252632142,0.7422083333333334,,,6.729626896998525
2,442,0.7385492308934529,0.7407083333333333,,,6.731771467999351
2,443,0.7325400031407674,0.7431666666666666,,,6.744216588002018
2,444,0.7294677391052246,0.739125,,,6.73310595699877
2,445,0.7458939353624979,0.7377916666666666,,,6.73249547499654
2,446,0.7388402830759684,0.7374166666666667,,,6.7327093860003515
2,447,0.7406879316965739,0.7335416666666666,,,6.749966360999679
2,448,0.7438490455945332,0.73925,,,6.744972930002405
2,449,0.7303847109476725,0.7405416666666667,,,6.7455997620018024
2,450,0.7444641216595967,0.7344166666666667,0.5203125,0.5175321532462478,7.779110373001458
2,451,0.7376184482574463,0.73975,,,6.743509016003372
2,452,0.7383975968360901,0.7396666666666667,,,6.743308591001551
2,453,0.7233796780904134,0.7425,,,6.737978823999583
2,454,0.7294822063446045,0.7403333333333333,,,6.7424824189984065
2,455,0.732491659005483,0.740625,,,6.732608644997526
2,456,0.7372903054555258,0.738125,,,6.7419109989969
2,457,0.717773943901062,0.74775,,,6.765556063000986
2,458,0.7188013466199239,0.7444583333333333,,,6.75731984900267
2,459,0.7119536242485046,0.747875,,,6.734169819999806
2,460,0.7220314116477966,0.7469583333333333,0.5221875,0.5205805802773289,7.78753602299912
2,461,0.7235577824910482,0.7453333333333333,,,6.734957682998356
2,462,0.7150582296053568,0.7469166666666667,,,6.759843952000665
2,463,0.7103181339899699,0.750875,,,6.745771182999306
2,464,0.7234819539388021,0.7435,,,6.743053554000653
2,465,0.6998557154337565,0.7535,,,6.745848398000817
2,466,0.7226026147206625,0.7454583333333333,,,6.744502272998943
2,467,0.7096299783388773,0.7519583333333333,,,6.749818982996658
2,468,0.7158990201950073,0.7504166666666666,,,6.734057097000914
2,469,0.7210392487843832,0.7477083333333333,,,6.739431883997895
2,470,0.7075369863510131,0.7505416666666667,0.41125,0.41138434158269294,7.782446486999106
2,471,0.7125826692581176,0.748375,,,6.743746296997415
2,472,0.7152176481882732,0.7489583333333333,,,6.7390760319976835
2,473,0.6993486151695252,0.7505416666666667,,,6.744820608000737
2,474,0.7049735983212789,0.7484166666666666,,,6.750026917001378
2,475,0.7156551950772604,0.7452916666666667,,,6.748255235001125
2,476,0.706688575108846,0.7517083333333333,,,6.745695374000206
2,477,0.706334023475647,0.7489583333333333,,,6.753036640999198
2,478,0.7048279153505961,0.7514166666666666,,,6.738050923999253
2,479,0.6955357454617819,0.754875,,,6.743381808002596
2,480,0.703463843345642,0.7512916666666667,0.4271875,0.4266392991162465,7.765775134997966
2,481,0.6942282775243124,0.756375,,,6.743453319999389
2,482,0.686642918586731,0.7542083333333334,,,6.746932670001115
2,483,0.7004939805666606,0.7505,,,6.750405432001571
2,484,0.6976047172546387,0.7564583333333333,,,6.745473741000751
2,485,0.698535499572754,0.7548333333333334,,,6.742836224999337
2,486,0.6928597896893819,0.7549166666666667,,,6.73482048400183
2,487,0.6879970787366231,0.757125,,,6.738533785999607
2,488,0.7026524120966593,0.754375,,,6.7334075959988695
2,489,0.7099289194742838,0.7489583333333333,,,6.740872080001282
2,490,0.6977549975713094,0.752125,0.3465625,0.34898593051590227,7.768433661000017
2,491,0.6794114141464234,0.7576666666666667,,,6.728995043999021
2,492,0.691327344417572,0.7575833333333334,,,6.736068703998171
2,493,0.6903670794169108,0.755125,,,6.745124255998235
2,494,0.6857548033396403,0.7570833333333333,,,6.743621579000319
2,495,0.6857437009811401,0.759875,,,6.743449865000002
2,496,0.698457543373108,0.74925,,,6.7393830719993275
2,497,0.6859627339045207,0.758625,,,6.741812863001542
2,498,0.6861282332738241,0.7559583333333333,,,6.730699455001741
2,499,0.6910198895136516,0.754125,,,6.746207409996714
2,500,0.6773739501635233,0.76075,0.3475,0.3484819176585001,7.7575044659970445
2,501,0.6710965436299642,0.7631666666666667,,,6.731543391000741
2,502,0.6688061245282491,0.7638333333333334,,,6.749330036000174
2,503,0.6815925157864888,0.757125,,,6.739413445000537
2,504,0.6731132400830587,0.762875,,,6.74323885800186
2,505,0.6806805810928345,0.761625,,,6.730865231998905
2,506,0.687026642481486,0.7582083333333334,,,6.732405413997185
2,507,0.685298555056254,0.7565,,,6.732188779998978
2,508,0.6723723848660786,0.7635833333333333,,,6.737090292001085
2,509,0.6710967299143473,0.7639583333333333,,,6.745197209998878
2,510,0.6704677980740865,0.7650416666666666,0.5071875,0.5045881672544337,7.779868016001274
2,511,0.6687505121231079,0.7644583333333334,,,6.743332117999671
2,512,0.6750550767580669,0.75825,,,6.741269016001752
2,513,0.6715291795730591,0.7638333333333334,,,6.7438875820007524
2,514,0.6668571171760559,0.7655,,,6.738005696999608
2,515,0.6631708963712056,0.7672083333333334,,,6.735690901001362
2,516,0.6671160677274068,0.765625,,,6.7327184099995065
2,517,0.670297725836436,0.7620833333333333,,,6.733772326999315
2,518,0.6641056307156881,0.7660833333333333,,,6.735745524998492
2,519,0.6667437178293864,0.7657083333333333,,,6.740895392998937
2,520,0.6613611210187276,0.763875,0.4515625,0.4473438603952721,7.7570712820015615
2,521,0.6492907179196675,0.7698333333333334,,,6.741204298999946
2,522,0.6605905520121257,0.7666666666666667,,,6.7446836740018625
2,523,0.6644977086385091,0.765,,,6.7427079689987295
2,524,0.651807996114095,0.7714166666666666,,,6.74648224900011
2,525,0.6642245300610861,0.76725,,,6.7376821220022975
2,526,0.659901437441508,0.7659166666666667,,,6.730063472998154
2,527,0.6593822833697001,0.7672083333333334,,,6.735427810999681
2,528,0.6502100478808085,0.7733333333333333,,,6.749652197002433
2,529,0.6504284825325012,0.7726666666666666,,,6.756317433999357
2,530,0.647940360546112,0.7723333333333333,0.3334375,0.33340171916661043,7.784726822002995
2,531,0.6600350524584452,0.7666666666666667,,,6.730751833001705
2,532,0.6404715835253397,0.7749583333333333,,,6.746626916003152
2,533,0.6511528164545695,0.7720833333333333,,,6.73695513200073
2,534,0.6576887954076132,0.7700416666666666,,,6.737868382999295
2,535,0.6469666123390198,0.7722083333333334,,,6.741224387998955
2,536,0.6499974913597107,0.7704583333333334,,,6.748359241999424
2,537,0.6468652102152507,0.7724583333333334,,,6.753839834997052
2,538,0.6515355348587036,0.7720416666666666,,,6.75151288699999
2,539,0.6258261880874634,0.7793333333333333,,,6.761917486997845
2,540,0.6466941014925639,0.7708333333333334,0.4271875,0.42919466228586545,7.805965784998989
2,541,0.6452112925847372,0.7744166666666666,,,6.755577710999205
2,542,0.6537658500671387,0.7664166666666666,,,6.753572728997824
2,543,0.6453878138860066,0.7719583333333333,,,6.745435261000239
2,544,0.6349935296376547,0.7775416666666667,,,6.747918748998927
2,545,0.6411230060259501,0.7740416666666666,,,6.748803051999857
2,546,0.635340606212616,0.77575,,,6.759428299999854
2,547,0.6297109891573588,0.7774583333333334,,,6.746854319000704
2,548,0.6364706846872965,0.775125,,,6.75364187300147
2,549,0.6394328997929891,0.771125,,,6.740196692000609
2,550,0.6409403851826986,0.7735416666666667,0.3928125,0.39114399379844406,7.777427536999312
2,551,0.6225703401565552,0.7812083333333333,,,6.74336572300308
2,552,0.6371909322738647,0.7760416666666666,,,6.7601708069996675
2,553,0.6404098564783732,0.7714583333333334,,,6.772008293999534
2,554,0.6395229552586873,0.77425,,,6.77008413799922
2,555,0.6322655623753866,0.7751666666666667,,,6.747658511001646
2,556,0.6449058605829875,0.7706666666666667,,,6.736884794001526
2,557,0.6309847137133281,0.778,,,6.738388492998638
2,558,0.6370323150952657,0.7731666666666667,,,6.745265670000663
2,559,0.6284656321207682,0.776,,,6.7472194289985055
2,560,0.6332089295387268,0.7782083333333333,0.54125,0.5423854320778213,7.780162136998115
2,561,0.6308911596934,0.7770833333333333,,,6.750237325002672
2,562,0.6141960886319479,0.7845416666666667,,,6.749902810999629
2,563,0.6237453071276347,0.7820833333333334,,,6.746990031999303
2,564,0.6231637094815572,0.7779583333333333,,,6.742155894997268
2,565,0.6189375405311585,0.7805833333333333,,,6.739528183999937
2,566,0.6217060152689616,0.7784583333333334,,,6.7369563200009
2,567,0.620577338218689,0.78075,,,6.738796284000273
2,568,0.6078193600972494,0.786625,,,6.743560918999719
2,569,0.6208120431900025,0.781,,,6.747459324000374
2,570,0.6286995209058126,0.779375,0.5190625,0.5201439284447654,7.773432752001099
2,571,0.6100670641263326,0.7848333333333334,,,6.740495052999904
2,572,0.6273936115900676,0.78025,,,6.756369803999405
2,573,0.6133241955439249,0.7811666666666667,,,6.7433395920015755
2,574,0.621335568745931,0.78125,,,6.736699536002561
2,575,0.6230682814915975,0.7777083333333333,,,6.740624886999285
2,576,0.6147024032274881,0.7822916666666667,,,6.744841712999914
2,577,0.6083406327565511,0.7829166666666667,,,6.750258618001681
2,578,0.609318169593811,0.782375,,,6.7577027270017425
2,579,0.6115160163243611,0.7859166666666667,,,6.7358671390029485
2,580,0.6109400879542033,0.7835416666666667,0.445,0.4422192730509223,7.766341754999303
2,581,0.6079762878417969,0.7850416666666666,,,6.766866362999281
2,582,0.6188710427284241,0.78175,,,6.756870332999824
2,583,0.6064323167800904,0.7866666666666666,,,6.770712547000585
2,584,0.611103711605072,0.784,,,6.758856371998263
2,585,0.6016245956420898,0.7845416666666667,,,6.7503990000004706
2,586,0.6127605373064677,0.7865416666666667,,,6.755414584000391
2,587,0.6023906990687052,0.787625,,,6.756081360999815
2,588,0.6034169046084086,0.7874166666666667,,,6.747019594000449
2,589,0.6042788966496786,0.7867916666666667,,,6.7591597530008585
2,590,0.6116149746576945,0.7864583333333334,0.4509375,0.4499343479061861,7.774978129000374
2,591,0.5925349647204081,0.7907916666666667,,,6.736742550001509
2,592,0.6099478082656861,0.784625,,,6.751029661998473
2,593,0.5955066041946411,0.789875,,,6.741409900998406
2,594,0.5961398952802023,0.7918333333333333,,,6.747248068000772
2,595,0.6048351039886475,0.78725,,,6.739014886999939
2,596,0.5910945701599121,0.793125,,,6.751358147001156
2,597,0.5962558344205221,0.7885416666666667,,,6.747352545000467
2,598,0.591260767141978,0.7910833333333334,,,6.752701519002585
2,599,0.5984931602478027,0.7872083333333333,,,6.736441884997475
2,600,0.6049319197336833,0.7864583333333334,0.498125,0.49748647587562955,7.813445697000134
2,601,0.5938392340342203,0.7910833333333334,,,6.752264093000122
2,602,0.5867345218658447,0.7937916666666667,,,6.757227007001347
2,603,0.5883576525052389,0.793875,,,6.737385937001818
2,604,0.5863478926022847,0.7927916666666667,,,6.735441889002686
2,605,0.5955061264038086,0.7902083333333333,,,6.7437220079991675
2,606,0.5907309014002482,0.7932916666666666,,,6.7449868229996355
2,607,0.5897610793113709,0.79175,,,6.7526836459983315
2,608,0.5961659190654754,0.7908333333333334,,,6.739926684000238
2,609,0.5908734097480773,0.792875,,,6.728215049002756
2,610,0.584276025613149,0.7936666666666666,0.404375,0.40397351789688896,7.771010686999944
2,611,0.6050523931185404,0.787125,,,6.7391787839987956
2,612,0.5977602696418762,0.7864166666666667,,,6.732852613000432
2,613,0.5858678590456645,0.7964166666666667,,,6.732341176997579
2,614,0.5790597298940022,0.7987083333333334,,,6.74144466800135
2,615,0.5742977162996928,0.7975,,,6.7327662789975875
2,616,0.5847651193936666,0.7925416666666667,,,6.750963799000601
2,617,0.5847729263305664,0.7951666666666667,,,6.7478597840017756
2,618,0.5855282653172811,0.7929166666666667,,,6.753020213000127
2,619,0.5763218399683634,0.7970833333333334,,,6.737180880998494
2,620,0.579862477461497,0.79675,0.3409375,0.3391931926278489,7.81166834099713
2,621,0.5733061394691468,0.7999583333333333,,,6.739439453998784
2,622,0.5778728176752727,0.79775,,,6.749772107999888
2,623,0.5727503409385681,0.7975,,,6.7623264779977035
2,624,0.5604550846417745,0.8045,,,6.752591883996502
2,625,0.5841822994550069,0.7939166666666667,,,6.744526473001315
2,626,0.5702203688621521,0.8001666666666667,,,6.737447887000599
2,627,0.575170660495758,0.7967083333333334,,,6.73557900400192
2,628,0.580796838760376,0.7959166666666667,,,6.745172136001202
2,629,0.5696697694460551,0.7979166666666667,,,6.734352841998771
2,630,0.5732473435401917,0.7969166666666667,0.4640625,0.46149098054731325,7.784995310998056
2,631,0.5638048790295919,0.8022083333333333,,,6.738538726000115
2,632,0.5594371633529663,0.8042916666666666,,,6.737672981998912
2,633,0.5814516617457072,0.795375,,,6.769019675000891
2,634,0.5656792782147726,0.8035833333333333,,,6.749719835999713
2,635,0.5666470266977945,0.8008333333333333,,,6.748370754998177
2,636,0.5633930080731709,0.8025833333333333,,,6.743078340998181
2,637,0.5730670790672302,0.7952916666666666,,,6.742626756997197
2,638,0.5669274446169535,0.8013333333333333,,,6.7472226950012555
2,639,0.5684081201553345,0.80075,,,6.747139071001584
2,640,0.5634830683072408,0.79875,0.4753125,0.47259938639643195,7.769977972999186
2,641,0.5546092259089151,0.8059166666666666,,,6.741591887999675
2,642,0.5727694005966186,0.798,,,6.775874114999169
2,643,0.5656003901163738,0.8022083333333333,,,6.757085802000802
2,644,0.5690173546473185,0.7990833333333334,,,6.758216842998081
2,645,0.5672327669461569,0.7990833333333334,,,6.75027360200329
2,646,0.5586535261472066,0.8028333333333333,,,6.750981043001957
2,647,0.5623819780349731,0.7990416666666667,,,6.7590441050015215
2,648,0.5582196448644002,0.8042916666666666,,,6.74549653899885
2,649,0.5542036522229512,0.8035,,,6.743416678000358
2,650,0.5534538847605387,0.8069166666666666,0.3709375,0.369111850443481,7.82287868700223
2,651,0.5648700795173645,0.8002083333333333,,,6.758074528999714
2,652,0.5528145627975464,0.8049166666666666,,,6.734204232998309
2,653,0.5582570904095968,0.8027083333333334,,,6.740450390003389
2,654,0.5618015322685241,0.802375,,,6.752451372998621
2,655,0.5591355307896932,0.8011666666666667,,,6.757460837998224
2,656,0.5562284639676411,0.8036666666666666,,,6.7612522749986965
2,657,0.5633544929822286,0.7988333333333333,,,6.76803469999868
2,658,0.5448611844380696,0.8089583333333333,,,6.755454070000269
2,659,0.5454059007962545,0.805875,,,6.748464595999394
2,660,0.5526775091489156,0.8035833333333333,0.57125,0.5689382635425684,7.787702915000409
2,661,0.5489424068133036,0.8057916666666667,,,6.7808167269977275
2,662,0.5514605455398559,0.8050416666666667,,,6.805899623999721
2,663,0.5608161789576213,0.8007916666666667,,,6.741633883000759
2,664,0.546340009689331,0.8095,,,6.742139883001073
2,665,0.5561631220181783,0.8039166666666666,,,6.738151499997912
2,666,0.5424012381235759,0.8098333333333333,,,6.748705837999296
2,667,0.5573775243759155,0.801375,,,6.745849807997729
2,668,0.5390566937128702,0.8092916666666666,,,6.77091062999898
2,669,0.5456125845909119,0.8089166666666666,,,6.745064517999708
2,670,0.5359664263725281,0.8134166666666667,0.4553125,0.45423451138710236,7.7849780850010575
2,671,0.5458143448829651,0.807125,,,6.7470914799996535
2,672,0.5492937237421671,0.809125,,,6.7479330799978925
2,673,0.5371693662802378,0.810625,,,6.73959924799783
2,674,0.544592308998108,0.808,,,6.744202761998167
2,675,0.540006440003713,0.8079583333333333,,,6.739582488000451
2,676,0.5356437827746073,0.8093333333333333,,,6.748286018999352
2,677,0.5413934462865194,0.8105416666666667,,,6.753611457999796
2,678,0.5322679420312245,0.8128333333333333,,,6.7464367560023675
2,679,0.5417298137346903,0.809875,,,6.741364126002736
2,680,0.5510622701644897,0.8035,0.3596875,0.36076604640445664,7.787291832999472
2,681,0.5442987380027771,0.8077916666666667,,,6.735837257998355
2,682,0.5347365640004476,0.8123333333333334,,,6.760857659999601
2,683,0.54495956325531,0.8064166666666667,,,6.760528803002671
2,684,0.5276212922732035,0.8142916666666666,,,6.743838653997955
2,685,0.5328880596160889,0.8129583333333333,,,6.740854319999926
2,686,0.5377554626464843,0.8095416666666667,,,6.764223537000362
2,687,0.5199322505791982,0.81775,,,6.744116663001478
2,688,0.5295023538271586,0.8138333333333333,,,6.748392354998941
2,689,0.5378926296234131,0.8102083333333333,,,6.739452623001853
2,690,0.5362982115745545,0.8136666666666666,0.5846875,0.5842458006194654,7.7850974120010505
2,691,0.5376187012195587,0.808,,,6.736729747000936
2,692,0.5371571488380432,0.8112083333333333,,,6.735259154000232
2,693,0.5255877679189046,0.8160833333333334,,,6.74230334999811
2,694,0.5196663548151652,0.8177083333333334,,,6.747229290998803
2,695,0.5404401807785034,0.8076666666666666,,,6.749055583000882
2,696,0.530272447903951,0.8112916666666666,,,6.743714592001197
2,697,0.5216302569707235,0.8143333333333334,,,6.737577309999324
2,698,0.5260538126627604,0.8169583333333333,,,6.730128698000044
2,699,0.5215007553100586,0.8164166666666667,,,6.736115338000673
2,700,0.5187507623036702,0.81725,0.468125,0.46537212517543586,7.7737499510003545
2,701,0.5185789039929708,0.8149583333333333,,,6.745032795002771
2,702,0.5272109285990397,0.8127083333333334,,,6.7457623629998125
2,703,0.523526238600413,0.8144166666666667,,,6.750225452997256
2,704,0.5222672829627991,0.8180833333333334,,,6.746296163000807
2,705,0.52366783618927,0.813125,,,6.747310083002958
2,706,0.5328942664464315,0.8135833333333333,,,6.73828344100184
2,707,0.526252434651057,0.813,,,6.7287569109976175
2,708,0.5329984703063965,0.8125,,,6.749680004999391
2,709,0.5269578541119894,0.8142083333333333,,,6.747776049000095
2,710,0.5266673342386882,0.8160833333333334,0.470625,0.469079976757229,7.767088010001316
2,711,0.5248607368469238,0.815125,,,6.73630843799765
2,712,0.5214983359972636,0.81425,,,6.740913884998008
2,713,0.526501016775767,0.8136666666666666,,,6.7439350450003985
2,714,0.5184608653386434,0.8199583333333333,,,6.737513898999168
2,715,0.5133303716977438,0.8192083333333333,,,6.736806084998534
2,716,0.5159530571301778,0.8192083333333333,,,6.730400177002593
2,717,0.5258279747962952,0.8153333333333334,,,6.739554488001886
2,718,0.5165407590866089,0.8197083333333334,,,6.740822460000345
2,719,0.5145403294563293,0.8187083333333334,,,6.736165792000975
2,720,0.5132504901885986,0.8202083333333333,0.38875,0.38578345204842507,7.765850138999667
2,721,0.5202002062797546,0.816,,,6.744868726000277
2,722,0.5144035873413086,0.8184166666666667,,,6.741539638998802
2,723,0.510247841199239,0.8199166666666666,,,6.747133838001901
2,724,0.524674658536911,0.8125,,,6.755519448997802
2,725,0.505483467578888,0.820875,,,6.743844196000282
2,726,0.5154208664894104,0.8169166666666666,,,6.734943424999074
2,727,0.5034583249092102,0.8215833333333333,,,6.751647090000915
2,728,0.496564537525177,0.827125,,,6.822501360999013
2,729,0.5095337549845378,0.821875,,,6.738142472997424
2,730,0.5020533731778463,0.8231666666666667,0.523125,0.5211467373202484,7.803382513997349
2,731,0.4990004107157389,0.8223333333333334,,,6.743875788000878
2,732,0.5032399570147197,0.8225416666666666,,,6.743295445998228
2,733,0.5085850052833557,0.8180833333333334,,,6.745846011999674
2,734,0.49740630261103314,0.82825,,,6.747099487001833
2,735,0.5014189908504486,0.823125,,,6.736785494002106
2,736,0.4944212241967519,0.826125,,,6.73891119900145
2,737,0.5000505453745524,0.82425,,,6.737523212999804
2,738,0.5160761671066284,0.8214583333333333,,,6.755480351999722
2,739,0.5036090949376424,0.8233333333333334,,,6.750617715999397
2,740,0.49803282848993935,0.8225,0.39,0.3892391558915064,7.780186206000508
2,741,0.501809543132782,0.82375,,,6.745298362999165
2,742,0.5109691200256348,0.81925,,,6.737872180001432
2,743,0.5074385375976562,0.8225,,,6.73953536100089
2,744,0.49757573556900025,0.8257916666666667,,,6.740182238998386
2,745,0.49790263891220093,0.824625,,,6.738611624001351
2,746,0.49215638081232704,0.827625,,,6.741728406999755
2,747,0.5046396325429281,0.8229166666666666,,,6.758723692000785
2,748,0.49787892365455627,0.8237916666666667,,,6.742283264000434
2,749,0.5022258065541585,0.8236666666666667,,,6.757680209000682
2,750,0.5130185300509135,0.821375,0.46625,0.46351030620965616,7.784697060000326
2,751,0.4996254304250081,0.8225416666666666,,,6.749977105999278
2,752,0.49223321390151975,0.826875,,,6.740225329001987
2,753,0.5074757526715596,0.821125,,,6.738209201001155
2,754,0.48804811636606854,0.8277083333333334,,,6.756533932999446
2,755,0.5000930205980937,0.8229583333333333,,,6.7428507750009885
2,756,0.4973526266415914,0.8258333333333333,,,6.7577134469975135
2,757,0.5072805315653484,0.819875,,,6.803387077001389
2,758,0.5000944770177206,0.8243333333333334,,,6.752638756999659
2,759,0.4884038689931234,0.8267916666666667,,,6.744295171003614
2,760,0.501352394580841,0.82525,0.435,0.43310849063332924,7.993787810999493
2,761,0.4928241888682047,0.82775,,,6.741900379998697
2,762,0.4909122931162516,0.8255416666666666,,,6.74693473699881
2,763,0.48638838243484495,0.8302083333333333,,,6.745951441000216
2,764,0.4870189181963603,0.8294166666666667,,,6.7491554119987995
2,765,0.48594452905654906,0.8281666666666667,,,6.749392385998362
2,766,0.4882428374290466,0.8276666666666667,,,6.736149242002284
2,767,0.504070057551066,0.8225,,,6.740455404000386
2,768,0.48717667786280316,0.829125,,,6.75778713100226
2,769,0.4781229151089986,0.8303333333333334,,,6.741800391999277
2,770,0.4919364692370097,0.82525,0.6475,0.6481346553767209,7.793404195999756
2,771,0.48625616312026976,0.8279583333333334,,,6.753406051997445
2,772,0.47881994422276813,0.8310416666666667,,,6.739852350001456
2,773,0.4912549193700155,0.8250416666666667,,,6.743533205000858
2,774,0.4858357036908468,0.8307083333333334,,,6.740542400999402
2,775,0.49023192286491396,0.8282916666666666,,,6.738546082000539
2,776,0.47931160910924275,0.8316666666666667,,,6.754194687997369
2,777,0.4837273193995158,0.82975,,,6.737526066997816
2,778,0.4827653876940409,0.8310833333333333,,,6.74266057999921
2,779,0.4986880612373352,0.8265416666666666,,,6.74479465100012
2,780,0.48491629521052043,0.8295833333333333,0.4103125,0.41045661891159685,7.825064731001476
2,781,0.4745985813140869,0.8341666666666666,,,6.759065403002751
2,782,0.4729522981643677,0.8346666666666667,,,6.766164795000805
2,783,0.486114058971405,0.8295416666666666,,,6.75055880400032
2,784,0.4878138596216838,0.8284166666666667,,,6.753422191999562
2,785,0.47711385536193845,0.83125,,,6.7405945979990065
2,786,0.4724142149289449,0.8330416666666667,,,6.737339085997519
2,787,0.4759883543650309,0.83125,,,6.8740232230011316
2,788,0.48410483725865683,0.8297916666666667,,,6.737015610997332
2,789,0.48458827193578086,0.8294583333333333,,,6.739415089999966
2,790,0.4720069065093994,0.8345833333333333,0.4296875,0.43016531344261216,7.767945683997823
2,791,0.47767325671513877,0.8317916666666667,,,6.743212455003231
2,792,0.47778312873840334,0.82975,,,6.73843617500097
2,793,0.4813458256721497,0.829625,,,6.743274847998691
2,794,0.4702534225781759,0.8349166666666666,,,6.747626247997687
2,795,0.46827135864893593,0.833875,,,6.7364126600004965
2,796,0.47997908560434976,0.8303333333333334,,,6.748461293998844
2,797,0.4705318644841512,0.833625,,,6.742737183998543
2,798,0.4654625697135925,0.8371666666666666,,,6.744874095998966
2,799,0.476724104086558,0.8323333333333334,,,6.749820856999577
2,800,0.4700854961077372,0.833875,0.3884375,0.38855759549287033,7.853889049001737
2,801,0.4725025833447774,0.8330416666666667,,,6.742313540002215
2,802,0.4677318615913391,0.83625,,,6.759686255001725
2,803,0.4725485301017761,0.833125,,,6.744172901999264
2,804,0.46746855847040814,0.83375,,,6.738263104998623
2,805,0.4751155529022217,0.8315416666666666,,,6.742145108000841
2,806,0.473380757967631,0.8323333333333334,,,6.7552174310003466
2,807,0.4670420132478078,0.8335416666666666,,,6.74043467699812
2,808,0.4719667803446452,0.833125,,,6.768211204002
2,809,0.4539536204338074,0.840625,,,6.771325151999918
2,810,0.4674137188593547,0.8359166666666666,0.62375,0.6248633107423649,7.784172171999671
2,811,0.46904562664031985,0.8320416666666667,,,6.750921194001421
2,812,0.46302290948232017,0.8365833333333333,,,6.756388136000169
2,813,0.47416040817896526,0.83125,,,6.7464575310004875
2,814,0.4526257629394531,0.8403333333333334,,,6.760476501000085
2,815,0.46839510345458985,0.8345416666666666,,,6.762133748998167
2,816,0.4532701584498088,0.844375,,,6.753696605999721
2,817,0.4527257154782613,0.842625,,,6.760582449001959
2,818,0.45488244700431824,0.8369166666666666,,,6.739218117003475
2,819,0.46199070183436075,0.8401666666666666,,,6.738363879001554
2,820,0.45791640583674115,0.8384166666666667,0.4071875,0.4044390570309284,7.805566111997905
2,821,0.4684721469084422,0.834625,,,6.755190551997657
2,822,0.4639533309141795,0.834875,,,6.754238724002789
2,823,0.4525057946840922,0.8409166666666666,,,6.794168045002152
2,824,0.4542667922973633,0.8389166666666666,,,6.804235655999946
2,825,0.457701785882314,0.8404583333333333,,,6.794427195996832
2,826,0.453785906791687,0.8417083333333333,,,6.889286729001469
2,827,0.4478775516351064,0.8399166666666666,,,6.836138062000828
2,828,0.4537679322560628,0.8428333333333333,,,6.753321074000269
2,829,0.46513193170229594,0.836125,,,6.744913995000388
2,830,0.451783344745636,0.8409583333333334,0.4565625,0.4523879064417957,7.781179211000563
2,831,0.44901406319936116,0.844,,,6.74935601299876
2,832,0.4468759916623433,0.8445416666666666,,,6.746148965001339
2,833,0.4542755784193675,0.839125,,,6.763283752999996
2,834,0.45242417001724244,0.8385833333333333,,,6.766088315998786
2,835,0.4507240171432495,0.8404583333333333,,,6.748777746000997
2,836,0.4614276758829753,0.8357916666666667,,,6.7488891369976045
2,837,0.45584887862205503,0.8375416666666666,,,6.746042396000121
2,838,0.44634119256337484,0.8435833333333334,,,6.740271344999201
2,839,0.43928791252772015,0.8446666666666667,,,6.749869690000196
2,840,0.45818113327026366,0.8374166666666667,0.465625,0.46724989671726735,7.785932406997745
2,841,0.45657187048594156,0.836625,,,6.738148551001359
2,842,0.4382259348233541,0.8460833333333333,,,6.740108066001994
2,843,0.45163701486587526,0.8417083333333333,,,6.7535126420007145
2,844,0.4455710055033366,0.8424583333333333,,,6.763551788000768
2,845,0.4495340793132782,0.8417083333333333,,,6.748417613998754
2,846,0.44466929626464846,0.8412916666666667,,,6.739609046999249
2,847,0.43722046454747515,0.8435833333333334,,,6.751198760000989
2,848,0.4503854088783264,0.8404166666666667,,,6.747676432001754
2,849,0.44680107577641803,0.8431666666666666,,,6.739523634001671
2,850,0.4407942803700765,0.846,0.51625,0.5163350272616277,7.772136917003081
2,851,0.45012463490168253,0.8425416666666666,,,6.745474111001386
2,852,0.42994599835077923,0.8463333333333334,,,6.765018363999843
2,853,0.43881573049227396,0.8441666666666666,,,6.743480820998229
2,854,0.45392727375030517,0.8357083333333334,,,6.754566936000629
2,855,0.45298992602030436,0.84175,,,6.7535742899999605
2,856,0.4351085090637207,0.8468333333333333,,,6.770607188002032
2,857,0.44780385891596475,0.840875,,,6.769010583000636
2,858,0.4379538064002991,0.8442083333333333,,,6.746985338999366
2,859,0.44179716126124063,0.8430833333333333,,,6.748347303000628
2,860,0.43575779151916505,0.8469166666666667,0.5040625,0.5019259941958448,7.771226815999398
2,861,0.4473002537091573,0.84175,,,6.745505701001093
2,862,0.4313611493110657,0.8475833333333334,,,6.742110621999018
2,863,0.43679184683163963,0.8460833333333333,,,6.7465207550012565
2,864,0.4396916260719299,0.8451666666666666,,,6.746748528999888
2,865,0.44093363666534424,0.8431666666666666,,,6.7477204500028165
2,866,0.4341548129717509,0.848,,,6.749720768999396
2,867,0.4292404611905416,0.8497083333333333,,,6.751258030999452
2,868,0.43918636155128477,0.84175,,,6.750215192001633
2,869,0.4398232131799062,0.8459583333333334,,,6.735552037000161
2,870,0.4280724010467529,0.85,0.6403125,0.6403600320904744,7.797645002003264
2,871,0.4355985916455587,0.845875,,,6.747797559997707
2,872,0.4349333550135295,0.8434166666666667,,,6.739332535998983
2,873,0.43668945598602293,0.8459583333333334,,,6.75345308499891
2,874,0.44063931655883787,0.8441666666666666,,,6.753559106000466
2,875,0.4344155285358429,0.84775,,,6.733246761999908
2,876,0.44248978424072266,0.84375,,,6.740656710997428
2,877,0.44850440581639606,0.8441666666666666,,,6.736246456999652
2,878,0.4307135303815206,0.8455833333333334,,,6.754206287998386
2,879,0.43295843895276387,0.8487083333333333,,,6.743861421000474
2,880,0.44275795578956606,0.845125,0.375,0.3741434310696962,7.798968932998832
2,881,0.43781719652811685,0.847,,,6.738881032000791
2,882,0.43382216612497965,0.8465416666666666,,,6.750110017001134
2,883,0.42349898449579876,0.8524583333333333,,,6.750254032998782
2,884,0.4337111495335897,0.847875,,,6.744462673999806
2,885,0.4268581708272298,0.8489166666666667,,,6.748513744001684
2,886,0.431127392133077,0.8495,,,6.748783479997655
2,887,0.42978167645136517,0.84875,,,6.7565278010006296
2,888,0.422464644908905,0.851,,,6.76118038900313
2,889,0.4219713625907898,0.8510833333333333,,,6.736489584000083
2,890,0.4227958410580953,0.8497083333333333,0.49875,0.4980371773315345,7.779668128001504
2,891,0.4346097966035207,0.847125,,,6.734620896000706
2,892,0.4352051312128703,0.84675,,,6.7631910250020155
2,893,0.42568215902646384,0.85025,,,6.753383484996448
2,894,0.4117290318012238,0.8539166666666667,,,6.753071781000472
2,895,0.4200513590971629,0.8519166666666667,,,6.757869772998674
2,896,0.4343945902188619,0.8464583333333333,,,6.755693652001355
2,897,0.41825933758417766,0.8514166666666667,,,6.748956126997655
2,898,0.4127764054139455,0.8553333333333333,,,6.738288378001016
2,899,0.42257969951629637,0.8511666666666666,,,6.759452471000259
2,900,0.42988692077000934,0.8474166666666667,0.5015625,0.5016459265569561,7.811697076998826
2,901,0.43172719462712605,0.849625,,,6.7542437230004
2,902,0.42440345033009846,0.848875,,,6.760712503000832
2,903,0.426317259311676,0.8490416666666667,,,6.7503121929985355
2,904,0.42019866466522215,0.8532916666666667,,,6.760352782999689
2,905,0.43134556818008424,0.8491666666666666,,,6.752221736998763
2,906,0.42063730176289876,0.8512083333333333,,,6.746723972999462
2,907,0.4140694088935852,0.8552916666666667,,,6.756877375002659
2,908,0.4171610293388367,0.8528333333333333,,,6.743550033999782
2,909,0.42059610303243,0.8485833333333334,,,6.739879053002369
2,910,0.4210295581817627,0.8493333333333334,0.429375,0.42646984404983374,7.790361518000282
2,911,0.4215776138305664,0.8486666666666667,,,6.7465921550028725
2,912,0.41334747497240704,0.8539166666666667,,,6.742173683000146
2,913,0.41559431608517966,0.8512083333333333,,,6.7382271329988725
2,914,0.4160219209988912,0.8530833333333333,,,6.753350377002789
2,915,0.4191016778945923,0.8502083333333333,,,6.74733955299962
2,916,0.4156927542686462,0.8529583333333334,,,6.743547121001029
2,917,0.42748230504989626,0.8483333333333334,,,6.740981517999899
2,918,0.41632133261362714,0.852375,,,6.734117252999567
2,919,0.4111404459476471,0.85575,,,6.746716648001893
2,920,0.42228619400660194,0.849625,0.588125,0.5881395558555251,7.799451286999101
2,921,0.40850085751215615,0.8578333333333333,,,6.735353852000117
2,922,0.4135801836649577,0.856,,,6.744985984001687
2,923,0.3993473038673401,0.8587916666666666,,,6.742645385998912
2,924,0.41307083201408384,0.856125,,,6.740840466998634
2,925,0.41252265350023903,0.8559166666666667,,,6.737651521998487
2,926,0.4165287998517354,0.852875,,,6.748420157997316
2,927,0.4008041430314382,0.8594583333333333,,,6.74215629599712
2,928,0.4119063541094462,0.8518333333333333,,,6.749241837998852
2,929,0.4213911276658376,0.84975,,,6.730706541999098
2,930,0.4066593692302704,0.856625,0.5034375,0.500843609258698,7.77230471400253
2,931,0.41584821303685504,0.853375,,,6.75523474000147
2,932,0.4128880075613658,0.8539166666666667,,,6.743842691001191
2,933,0.40514874474207563,0.8598333333333333,,,6.746875007000199
2,934,0.41420690695444745,0.854625,,,6.738756425998872
2,935,0.4078455296357473,0.854,,,6.739052150998759
2,936,0.40061522579193115,0.858625,,,6.741766817998723
2,937,0.3999773154258728,0.8567916666666666,,,6.735476778998418
2,938,0.4092678097089132,0.8537916666666666,,,6.746265671001311
2,939,0.4027953995863597,0.8575416666666666,,,6.737647604000813
2,940,0.4037464029788971,0.8580416666666667,0.49375,0.4931154314944206,7.780678128001455
2,941,0.3999580616950989,0.8575833333333334,,,6.746243864999997
2,942,0.4044610780874888,0.8580416666666667,,,6.755821360002301
2,943,0.40347322249412537,0.859,,,6.755557437001698
2,944,0.40361355630556744,0.85875,,,6.748221613997885
2,945,0.4113024915059408,0.8550416666666667,,,6.735657331999391
2,946,0.40167779286702476,0.858125,,,6.746897340999567
2,947,0.4094773993492126,0.8565,,,6.754625221001334
2,948,0.3973477021853129,0.86075,,,6.759549877999234
2,949,0.41146798578898114,0.8529166666666667,,,6.762074963000487
2,950,0.40586886445681253,0.8567916666666666,0.3571875,0.3549813760422626,7.77627072100222
2,951,0.40592585515975954,0.8564166666666667,,,6.748498908000329
2,952,0.40643394271532696,0.85625,,,6.740636704998906
2,953,0.4016464827855428,0.8591666666666666,,,6.738454930000444
2,954,0.3958012964725494,0.8635416666666667,,,6.748301787996752
2,955,0.3907115468184153,0.865375,,,6.7300528539999505
2,956,0.4067289454142253,0.8567083333333333,,,6.73768476999976
2,957,0.392344659725825,0.8604166666666667,,,6.758771284999966
2,958,0.4046358598868052,0.85775,,,6.7472427249995235
2,959,0.4011507476170858,0.8576666666666667,,,6.749555971997324
2,960,0.40382878732681277,0.8579166666666667,0.4925,0.49176229353874545,7.842154654998012
2,961,0.40361922232309977,0.8590833333333333,,,6.744814356999996
2,962,0.41270262050628664,0.8546666666666667,,,6.74345551299848
2,963,0.395650626818339,0.8603333333333333,,,6.7508156830008375
2,964,0.3943185394605001,0.86025,,,6.738394669002446
2,965,0.39741656748453774,0.862375,,,6.731436204001511
2,966,0.39421672542889913,0.8625,,,6.746749963000184
2,967,0.4042196509838104,0.857875,,,6.749777204000566
2,968,0.396174680074056,0.8602916666666667,,,6.763338916996872
2,969,0.3970200885136922,0.8623333333333333,,,6.747338967001269
2,970,0.40237820267677304,0.857875,0.3221875,0.3198680681029937,7.771884019002755
2,971,0.3840078939596812,0.864,,,6.739921461001359
2,972,0.40778070855140686,0.8564583333333333,,,6.74259006200009
2,973,0.3946182329654694,0.860375,,,6.745073794001655
2,974,0.3847013963063558,0.865,,,6.753991202000179
2,975,0.38029472827911376,0.8645416666666667,,,6.73876130699864
2,976,0.39218452270825704,0.86125,,,6.737993531001848
2,977,0.38804006870587665,0.8638333333333333,,,6.740278812001634
2,978,0.39065298573176066,0.8621666666666666,,,6.747205332998419
2,979,0.3854702274799347,0.8622916666666667,,,6.745343181999488
2,980,0.39386036785443623,0.8582083333333334,0.5975,0.596958453705468,7.779323447000934
2,981,0.38404914530118306,0.8632916666666667,,,6.7462982129982265
2,982,0.393321794907252,0.8610416666666667,,,6.741147905002435
2,983,0.38649373420079547,0.8627083333333333,,,6.775365034998686
2,984,0.3850327191352844,0.8644583333333333,,,6.751442380998924
2,985,0.38019899384180705,0.8645416666666667,,,6.737129253000603
2,986,0.38889791814486185,0.8623333333333333,,,6.749004050998337
2,987,0.3871303160985311,0.8612083333333334,,,6.741864869996789
2,988,0.3912607498963674,0.861125,,,6.7414137390005635
2,989,0.38612075702349347,0.862875,,,6.7463883080017695
2,990,0.39540864499409994,0.8595,0.43625,0.4347461315810823,7.781693927998276
2,991,0.39450151594479876,0.860125,,,6.733936876000371
2,992,0.3833591288725535,0.8652083333333334,,,6.734673956001643
2,993,0.38286309989293416,0.863625,,,6.7288809639976535
2,994,0.3781264197031657,0.867125,,,6.738005309998698
2,995,0.3806208310127258,0.866,,,6.736085999000352
2,996,0.375921187321345,0.86875,,,6.745983362998231
2,997,0.38181745378176374,0.8662916666666667,,,6.735635283999727
2,998,0.3696959128379822,0.8696666666666667,,,6.732967882002413
2,999,0.3784341997305552,0.8675833333333334,,,6.733980986999086
2,1000,0.38084806672732036,0.86425,0.583125,0.5848531137461304,7.7887407899979735
